field_MHz,fit,parameter,value,local_SE,reduced_chi2
600,SBONEST_full,kab,14.980008493861899,0.09342023893723646,1.0580375865957758
600,SBONEST_full,kba,282.9116958390767,1.5875455058302463,1.0580375865957758
600,SBONEST_full,v1n_scale,1.0779050101449659,0.0033981241224329667,1.0580375865957758
600,SBONEST_full,A1.peak_ppm,119.99771583614283,0.0021250315721830972,1.0580375865957758
600,SBONEST_full,A1.dw_ppm,2.999839201437041,0.002725704038916151,1.0580375865957758
600,SBONEST_full,A1.R1,1.5002442597529144,0.0005106716527036677,1.0580375865957758
600,SBONEST_full,A1.R2a,12.00331401844293,0.08529297093413131,1.0580375865957758
600,SBONEST_full,A1.R2b,16.04262253928967,0.5701428516802866,1.0580375865957758
600,SBONEST_full,kex,297.89170433293856,1.6313940060445271,1.0580375865957758
600,SBONEST_full,pB,0.050286759503445244,0.0002987637906412771,1.0580375865957758
600,ONEST_Matrix_full,kab,14.939655992526895,0.10582971804530329,1.0548308474934422
600,ONEST_Matrix_full,kba,283.0101761859693,1.6041660002913056,1.0548308474934422
600,ONEST_Matrix_full,v1n_scale,1.0797257787102792,0.004372979255065719,1.0548308474934422
600,ONEST_Matrix_full,A1.peak_ppm,119.99766447975031,0.0021300045942935306,1.0548308474934422
600,ONEST_Matrix_full,A1.dw_ppm,3.000048081458608,0.0027401867506595835,1.0548308474934422
600,ONEST_Matrix_full,A1.R1,1.500216524448517,0.0005166340378397032,1.0548308474934422
600,ONEST_Matrix_full,A1.R2a,11.964499275214319,0.10606671203744755,1.0548308474934422
600,ONEST_Matrix_full,A1.R2b,16.04469682949026,0.5734773218988716,1.0548308474934422
600,ONEST_Matrix_full,kex,297.9498321784962,1.6416942214200976,1.0548308474934422
600,ONEST_Matrix_full,pB,0.05014151504397165,0.00035688110924798596,1.0548308474934422
600,N_signed_control_full,kab,14.977756231909629,0.09302301324721683,1.0555706504670654
600,N_signed_control_full,kba,282.8934760833146,1.5872930242157053,1.0555706504670654
600,N_signed_control_full,v1n_scale,1.0777291768249986,0.003367738593319213,1.0555706504670654
600,N_signed_control_full,A1.peak_ppm,119.99775277414288,0.002123967841223723,1.0555706504670654
600,N_signed_control_full,A1.dw_ppm,2.999811570719345,0.0027247353846316545,1.0555706504670654
600,N_signed_control_full,A1.R1,1.500271346463058,0.0005105097647191257,1.0555706504670654
600,N_signed_control_full,A1.R2a,12.012011078726161,0.08457718043312405,1.0555706504670654
600,N_signed_control_full,A1.R2b,16.06703784362758,0.570083226582628,1.0555706504670654
600,N_signed_control_full,kex,297.87123231522423,1.6312477774632688,1.0555706504670654
600,N_signed_control_full,pB,0.05028265440571084,0.0002971134620084003,1.0555706504670654
600,SBONEST_exact,kab,15.000000000015286,0.09394570760487293,6.904731934672234e-20
600,SBONEST_exact,kba,285.0000000000163,1.5958557493221466,6.904731934672234e-20
600,SBONEST_exact,v1n_scale,1.0799999999999075,0.0034395687365450164,6.904731934672234e-20
600,SBONEST_exact,A1.peak_ppm,119.99999999999892,0.002125863092537628,6.904731934672234e-20
600,SBONEST_exact,A1.dw_ppm,2.9999999999990123,0.002733570522696561,6.904731934672234e-20
600,SBONEST_exact,A1.R1,1.4999999999999774,0.0005108557542895979,6.904731934672234e-20
600,SBONEST_exact,A1.R2a,11.999999999987521,0.08605876631651786,6.904731934672234e-20
600,SBONEST_exact,A1.R2b,15.000000000174614,0.5731119194305192,6.904731934672234e-20
600,SBONEST_exact,kex,300.0000000000316,1.6395843453978232,6.904731934672234e-20
600,SBONEST_exact,pB,0.05000000000004568,0.000298720151298206,6.904731934672234e-20
600,ONEST_Matrix_exact,kab,14.997172404928946,0.106203003154742,0.012509807484816903
600,ONEST_Matrix_exact,kba,284.97988934612863,1.6103816419715518,0.012509807484816903
600,ONEST_Matrix_exact,v1n_scale,1.0798503565416526,0.004361010694822242,0.012509807484816903
600,ONEST_Matrix_exact,A1.peak_ppm,120.00002419875256,0.002130728999308083,0.012509807484816903
600,ONEST_Matrix_exact,A1.dw_ppm,2.999980299115276,0.0027453629285814902,0.012509807484816903
600,ONEST_Matrix_exact,A1.R1,1.5000266409474325,0.000516458862826862,0.012509807484816903
600,ONEST_Matrix_exact,A1.R2a,12.007924909048128,0.10614445906793711,0.012509807484816903
600,ONEST_Matrix_exact,A1.R2b,15.026007634789565,0.5762938873441692,0.012509807484816903
600,ONEST_Matrix_exact,kex,299.9770617510576,1.6482312490389155,0.012509807484816903
600,ONEST_Matrix_exact,pB,0.049994397296199505,0.0003549787970274748,0.012509807484816903
600,N_signed_control_exact,kab,14.997668020765998,0.09357169051252395,7.631990370807213e-05
600,N_signed_control_exact,kba,284.97856716031407,1.5955928732265288,7.631990370807213e-05
600,N_signed_control_exact,v1n_scale,1.0798247217608776,0.0034112774481089418,7.631990370807213e-05
600,N_signed_control_exact,A1.peak_ppm,120.00002575819722,0.002124573654267334,7.631990370807213e-05
600,N_signed_control_exact,A1.dw_ppm,2.999977094504517,0.0027326134246937863,7.631990370807213e-05
600,N_signed_control_exact,A1.R1,1.50002733959373,0.0005107025431649223,7.631990370807213e-05
600,N_signed_control_exact,A1.R2a,12.008539990534,0.08539231831381476,7.631990370807213e-05
600,N_signed_control_exact,A1.R2b,15.02621018872655,0.5730266936468332,7.631990370807213e-05
600,N_signed_control_exact,kex,299.9762351810801,1.63942057092849,7.631990370807213e-05
600,N_signed_control_exact,pB,0.049996187237007904,0.0002971863744066179,7.631990370807213e-05
800,SBONEST_full,kab,14.990804239263905,0.09627933820800672,1.034727980705695
800,SBONEST_full,kba,284.85932730595863,1.199299728211155,1.034727980705695
800,SBONEST_full,v1n_scale,1.0792630539978336,0.003900423652617687,1.034727980705695
800,SBONEST_full,A1.peak_ppm,119.99688055081188,0.001372134434677493,1.034727980705695
800,SBONEST_full,A1.dw_ppm,3.0050160879236607,0.0018184369167133943,1.034727980705695
800,SBONEST_full,A1.R1,1.4998901020108466,0.0004117572180633445,1.034727980705695
800,SBONEST_full,A1.R2a,11.961134789559773,0.09827598929729128,1.034727980705695
800,SBONEST_full,A1.R2b,15.351513055022552,0.48019059106288786,1.034727980705695
800,SBONEST_full,kex,299.85013154522255,1.230332671657703,1.034727980705695
800,SBONEST_full,pB,0.04999432270385059,0.0003132097241779131,1.034727980705695
800,ONEST_Matrix_full,kab,14.980883462551603,0.10117017351692285,1.058373929867916
800,ONEST_Matrix_full,kba,286.43321302728776,1.2028645701536957,1.058373929867916
800,ONEST_Matrix_full,v1n_scale,1.0833585047113548,0.004191293106167614,1.058373929867916
800,ONEST_Matrix_full,A1.peak_ppm,119.99455978291937,0.001372307354147316,1.058373929867916
800,ONEST_Matrix_full,A1.dw_ppm,3.0072355997534426,0.0018316135477763737,1.058373929867916
800,ONEST_Matrix_full,A1.R1,1.5000572375708827,0.00041275544669861175,1.058373929867916
800,ONEST_Matrix_full,A1.R2a,11.85841999332572,0.10353626792104753,1.058373929867916
800,ONEST_Matrix_full,A1.R2b,14.985414460746584,0.4809793140363068,1.058373929867916
800,ONEST_Matrix_full,kex,301.4140964898394,1.232535839945535,1.058373929867916
800,ONEST_Matrix_full,pB,0.0497020001287717,0.0003299042210284812,1.058373929867916
800,N_signed_control_full,kab,14.991371189973018,0.09297723556780556,1.0549018129591217
800,N_signed_control_full,kba,286.4142539780772,1.2008923479564666,1.0549018129591217
800,N_signed_control_full,v1n_scale,1.0828689058026595,0.0037454933266716168,1.0549018129591217
800,N_signed_control_full,A1.peak_ppm,119.99455935801424,0.0013699901103101765,1.0549018129591217
800,N_signed_control_full,A1.dw_ppm,3.007181419194287,0.0018144084454218127,1.0549018129591217
800,N_signed_control_full,A1.R1,1.5000666496919182,0.0004112156071439781,1.0549018129591217
800,N_signed_control_full,A1.R2a,11.869751641702873,0.09371663190410295,1.0549018129591217
800,N_signed_control_full,A1.R2b,14.994291408580178,0.4801403425739781,1.0549018129591217
800,N_signed_control_full,kex,301.4056251680502,1.2320900733569553,1.0549018129591217
800,N_signed_control_full,pB,0.0497381931130665,0.00030034620067577786,1.0549018129591217
800,SBONEST_exact,kab,14.999999999984402,0.09621335376078016,8.904728986139649e-20
800,SBONEST_exact,kba,284.99999999973346,1.2022242001765022,8.904728986139649e-20
800,SBONEST_exact,v1n_scale,1.080000000000439,0.003894809117597422,8.904728986139649e-20
800,SBONEST_exact,A1.peak_ppm,119.99999999999962,0.0013750663451533695,8.904728986139649e-20
800,SBONEST_exact,A1.dw_ppm,3.000000000002194,0.0018188296656710503,8.904728986139649e-20
800,SBONEST_exact,A1.R1,1.4999999999999243,0.00041177739748842867,8.904728986139649e-20
800,SBONEST_exact,A1.R2a,12.000000000018147,0.09835968229157037,8.904728986139649e-20
800,SBONEST_exact,A1.R2b,14.999999999202247,0.4805770771928059,8.904728986139649e-20
800,SBONEST_exact,kex,299.9999999997179,1.233389022533122,8.904728986139649e-20
800,SBONEST_exact,pB,0.04999999999999503,0.0003127300486810103,8.904728986139649e-20
800,ONEST_Matrix_exact,kab,15.025806991317587,0.10198779171542557,0.020381822103961465
800,ONEST_Matrix_exact,kba,286.5091800841212,1.205196654734057,0.020381822103961465
800,ONEST_Matrix_exact,v1n_scale,1.0824075089450762,0.004207205450265206,0.020381822103961465
800,ONEST_Matrix_exact,A1.peak_ppm,119.9977530348549,0.001375374284964869,0.020381822103961465
800,ONEST_Matrix_exact,A1.dw_ppm,3.001983748194137,0.0018320480229987472,0.020381822103961465
800,ONEST_Matrix_exact,A1.R1,1.500197464274151,0.00041283764950676276,0.020381822103961465
800,ONEST_Matrix_exact,A1.R2a,11.937339589294574,0.10460999144201034,0.020381822103961465
800,ONEST_Matrix_exact,A1.R2b,14.659591784043979,0.4814950535678251,0.020381822103961465
800,ONEST_Matrix_exact,kex,301.53498707543883,1.235093116894036,0.020381822103961465
800,ONEST_Matrix_exact,pB,0.04983105654521739,0.0003322266739676033,0.020381822103961465
800,N_signed_control_exact,kab,15.011245391459896,0.09387062978190547,0.023103582873229788
800,N_signed_control_exact,kba,286.5393701138174,1.2037849520010289,0.023103582873229788
800,N_signed_control_exact,v1n_scale,1.0831006532229372,0.0037846434689494564,0.023103582873229788
800,N_signed_control_exact,A1.peak_ppm,119.9977416357613,0.0013737114065889432,0.023103582873229788
800,N_signed_control_exact,A1.dw_ppm,3.002067865525021,0.0018168152003775605,0.023103582873229788
800,N_signed_control_exact,A1.R1,1.5001838209655627,0.0004113607997359293,0.023103582873229788
800,N_signed_control_exact,A1.R2a,11.92116289047018,0.09498818371653675,0.023103582873229788
800,N_signed_control_exact,A1.R2b,14.64589994377091,0.4806391597373995,0.023103582873229788
800,N_signed_control_exact,kex,301.55061550527734,1.2350640825119181,0.023103582873229788
800,N_signed_control_exact,pB,0.04978018488308206,0.0003031291206930861,0.023103582873229788
