residue,dataset_index,field_mhz,saturation_s,v1n_nominal_hz,v1n_hz,offset_ppm,observed,predicted,sigma,residual_sigma
A1,0,60.7974708,0.4,25.0,26.96842989788184,105.0,0.54568256007811,0.5461847588017686,0.001,-0.5021987236586423
A1,0,60.7974708,0.4,25.0,26.96842989788184,105.40540540541,0.54724882918662,0.5460388483155432,0.001,1.2099808710768212
A1,0,60.7974708,0.4,25.0,26.96842989788184,105.81081081081,0.54539320224589,0.5458799795926893,0.001,-0.4867773467992498
A1,0,60.7974708,0.4,25.0,26.96842989788184,106.21621621622,0.54527851639163,0.5457065844992972,0.001,-0.42806810766715664
A1,0,60.7974708,0.4,25.0,26.96842989788184,106.62162162162,0.54430372852847,0.5455168394686114,0.001,-1.2131109401414264
A1,0,60.7974708,0.4,25.0,26.96842989788184,107.02702702703,0.54708123311689,0.5453086133928796,0.001,1.772619724010438
A1,0,60.7974708,0.4,25.0,26.96842989788184,107.43243243243,0.54504355968411,0.5450794118870803,0.001,-0.03585220297031011
A1,0,60.7974708,0.4,25.0,26.96842989788184,107.83783783784,0.54418142465507,0.5448263127030533,0.001,-0.6448880479832386
A1,0,60.7974708,0.4,25.0,26.96842989788184,108.24324324324,0.54385979125518,0.5445458810287142,0.001,-0.6860897735341265
A1,0,60.7974708,0.4,25.0,26.96842989788184,108.64864864865,0.54437669534148,0.5442340520984673,0.001,0.1426432430127189
A1,0,60.7974708,0.4,25.0,26.96842989788184,109.05405405405,0.54354242513119,0.5438859725983516,0.001,-0.3435474671615868
A1,0,60.7974708,0.4,25.0,26.96842989788184,109.45945945946,0.54480428079307,0.5434957976641932,0.001,1.3084831288767695
A1,0,60.7974708,0.4,25.0,26.96842989788184,109.86486486486,0.54367870483259,0.5430564402553815,0.001,0.6222645772084867
A1,0,60.7974708,0.4,25.0,26.96842989788184,110.27027027027,0.54150131009318,0.5425592598254579,0.001,-1.0579497322779075
A1,0,60.7974708,0.4,25.0,26.96842989788184,110.67567567568,0.54143495185493,0.54199365886986,0.001,-0.5587070149299933
A1,0,60.7974708,0.4,25.0,26.96842989788184,111.08108108108,0.54172377117187,0.541346535565252,0.001,0.37723560661795386
A1,0,60.7974708,0.4,25.0,26.96842989788184,111.48648648649,0.53915094572711,0.5406015247039242,0.001,-1.4505789768142208
A1,0,60.7974708,0.4,25.0,26.96842989788184,111.89189189189,0.54066837789347,0.5397379462498145,0.001,0.9304316436554716
A1,0,60.7974708,0.4,25.0,26.96842989788184,112.2972972973,0.537974627942,0.5387293584436696,0.001,-0.7547305016696315
A1,0,60.7974708,0.4,25.0,26.96842989788184,112.7027027027,0.53497129391932,0.5375415587488186,0.001,-2.5702648294986252
A1,0,60.7974708,0.4,25.0,26.96842989788184,113.10810810811,0.5368701617824,0.536129767558255,0.001,0.7403942241449579
A1,0,60.7974708,0.4,25.0,26.96842989788184,113.51351351351,0.53450270040399,0.534434546290851,0.001,0.06815411313898512
A1,0,60.7974708,0.4,25.0,26.96842989788184,113.91891891892,0.53313376015414,0.5323757189884015,0.001,0.7580411657385211
A1,0,60.7974708,0.4,25.0,26.96842989788184,114.32432432432,0.52848318427256,0.5298431289713761,0.001,-1.3599446988160624
A1,0,60.7974708,0.4,25.0,26.96842989788184,114.72972972973,0.52843686589132,0.5266823299640279,0.001,1.7545359272921335
A1,0,60.7974708,0.4,25.0,26.96842989788184,115.13513513514,0.52130158429636,0.5226719778896789,0.001,-1.3703935933189193
A1,0,60.7974708,0.4,25.0,26.96842989788184,115.54054054054,0.51787266723359,0.5174871420506323,0.001,0.38552518295775773
A1,0,60.7974708,0.4,25.0,26.96842989788184,115.94594594595,0.51075265874401,0.5106378005562128,0.001,0.11485818779721768
A1,0,60.7974708,0.4,25.0,26.96842989788184,116.35135135135,0.50325166870926,0.5013620755083167,0.001,1.8895932009432848
A1,0,60.7974708,0.4,25.0,26.96842989788184,116.75675675676,0.4891882806679,0.488434610522524,0.001,0.7536701453759731
A1,0,60.7974708,0.4,25.0,26.96842989788184,117.16216216216,0.46909175303624,0.46981299441248203,0.001,-0.7212413762420211
A1,0,60.7974708,0.4,25.0,26.96842989788184,117.56756756757,0.44177617013742,0.4419769193443836,0.001,-0.20074920696361298
A1,0,60.7974708,0.4,25.0,26.96842989788184,117.97297297297,0.39739954098739,0.3987334384497103,0.001,-1.3338974623203215
A1,0,60.7974708,0.4,25.0,26.96842989788184,118.37837837838,0.33019778585866,0.3295028169921825,0.001,0.6949688664775189
A1,0,60.7974708,0.4,25.0,26.96842989788184,118.78378378378,0.21949947442932,0.22030803351378608,0.001,-0.8085590844660873
A1,0,60.7974708,0.4,25.0,26.96842989788184,119.18918918919,0.080313874729305,0.07923073338357392,0.001,1.0831413457310783
A1,0,60.7974708,0.4,25.0,26.96842989788184,119.59459459459,0.0019314041504617,0.003012227285983403,0.001,-1.0808231355217028
A1,0,60.7974708,0.4,25.0,26.96842989788184,120.0,-0.00051260642658194,-0.0014859933984540802,0.001,0.9733869718721402
A1,0,60.7974708,0.4,25.0,26.96842989788184,120.40540540541,0.00015888672648431,0.0004510613293311683,0.001,-0.29217460284685826
A1,0,60.7974708,0.4,25.0,26.96842989788184,120.81081081081,0.015857972476874,0.018120440885264596,0.001,-2.2624684083905957
A1,0,60.7974708,0.4,25.0,26.96842989788184,121.21621621622,0.062578504456178,0.062224349785312445,0.001,0.3541546708655599
A1,0,60.7974708,0.4,25.0,26.96842989788184,121.62162162162,0.096535380502614,0.09679397976013722,0.001,-0.2585992575232232
A1,0,60.7974708,0.4,25.0,26.96842989788184,122.02702702703,0.10666089342446,0.10638966854060827,0.001,0.2712248838517284
A1,0,60.7974708,0.4,25.0,26.96842989788184,122.43243243243,0.098583288861278,0.09858123924494759,0.001,0.0020496163304073445
A1,0,60.7974708,0.4,25.0,26.96842989788184,122.83783783784,0.10053611189051,0.10153541759330481,0.001,-0.9993057027948143
A1,0,60.7974708,0.4,25.0,26.96842989788184,123.24324324324,0.15666822684388,0.15721683874147524,0.001,-0.5486118975952525
A1,0,60.7974708,0.4,25.0,26.96842989788184,123.64864864865,0.26584255149593,0.2658216539951123,0.001,0.020897500817684822
A1,0,60.7974708,0.4,25.0,26.96842989788184,124.05405405405,0.3681498234021,0.3664941086283437,0.001,1.6557147737563116
A1,0,60.7974708,0.4,25.0,26.96842989788184,124.45945945946,0.43143555400522,0.43208152195053895,0.001,-0.6459679453189593
A1,0,60.7974708,0.4,25.0,26.96842989788184,124.86486486486,0.47152274804344,0.4708126362961495,0.001,0.7101117472905205
A1,0,60.7974708,0.4,25.0,26.96842989788184,125.27027027027,0.49276317888791,0.4938909413812058,0.001,-1.1277624932958252
A1,0,60.7974708,0.4,25.0,26.96842989788184,125.67567567568,0.50883172062377,0.508238127634829,0.001,0.5935929889410163
A1,0,60.7974708,0.4,25.0,26.96842989788184,126.08108108108,0.51772598956292,0.5176005644655134,0.001,0.12542509740665064
A1,0,60.7974708,0.4,25.0,26.96842989788184,126.48648648649,0.52564909296554,0.5239951887002743,0.001,1.6539042652656821
A1,0,60.7974708,0.4,25.0,26.96842989788184,126.89189189189,0.5279022326797,0.5285421875733725,0.001,-0.639954893672412
A1,0,60.7974708,0.4,25.0,26.96842989788184,127.2972972973,0.53271139549232,0.5318895838778658,0.001,0.8218116144542709
A1,0,60.7974708,0.4,25.0,26.96842989788184,127.7027027027,0.53319178147627,0.5344280452145129,0.001,-1.2362637382429265
A1,0,60.7974708,0.4,25.0,26.96842989788184,128.10810810811,0.5372159965839,0.5364023704995431,0.001,0.8136260843568666
A1,0,60.7974708,0.4,25.0,26.96842989788184,128.51351351351,0.53726510978812,0.537971458658807,0.001,-0.7063488706869903
A1,0,60.7974708,0.4,25.0,26.96842989788184,128.91891891892,0.53952178334959,0.539241795813503,0.001,0.2799875360870452
A1,0,60.7974708,0.4,25.0,26.96842989788184,129.32432432432,0.53972499108379,0.5402868265037883,0.001,-0.5618354199983244
A1,0,60.7974708,0.4,25.0,26.96842989788184,129.72972972973,0.53958764175771,0.541158522875133,0.001,-1.5708811174229842
A1,0,60.7974708,0.4,25.0,26.96842989788184,130.13513513514,0.5440569845538,0.5418945016383594,0.001,2.1624829154406333
A1,0,60.7974708,0.4,25.0,26.96842989788184,130.54054054054,0.54253928670145,0.5425225329510612,0.001,0.016753750388787125
A1,0,60.7974708,0.4,25.0,26.96842989788184,130.94594594595,0.54399200918952,0.5430634845186594,0.001,0.9285246708605754
A1,0,60.7974708,0.4,25.0,26.96842989788184,131.35135135135,0.54314217587388,0.5435332988495064,0.001,-0.391122975626379
A1,0,60.7974708,0.4,25.0,26.96842989788184,131.75675675676,0.54448473785269,0.5439443490923236,0.001,0.5403887603664392
A1,0,60.7974708,0.4,25.0,26.96842989788184,132.16216216216,0.54432944662383,0.5443063787927065,0.001,0.02306783112349109
A1,0,60.7974708,0.4,25.0,26.96842989788184,132.56756756757,0.54554194616577,0.544627156881619,0.001,0.9147892841510075
A1,0,60.7974708,0.4,25.0,26.96842989788184,132.97297297297,0.54596799839732,0.5449129398784558,0.001,1.055058518864227
A1,0,60.7974708,0.4,25.0,26.96842989788184,133.37837837838,0.54618955238705,0.5451688079178233,0.001,1.020744469226731
A1,0,60.7974708,0.4,25.0,26.96842989788184,133.78378378378,0.54580408281333,0.5453989195444001,0.001,0.40516326892992005
A1,0,60.7974708,0.4,25.0,26.96842989788184,134.18918918919,0.54568805597017,0.5456067108462328,0.001,0.08134512393720428
A1,0,60.7974708,0.4,25.0,26.96842989788184,134.59459459459,0.54503132183642,0.5457950505537147,0.001,-0.7637287172946872
A1,0,60.7974708,0.4,25.0,26.96842989788184,135.0,0.54789909191781,0.5459663566132646,0.001,1.9327353045454077
A1,1,60.7974708,0.4,50.0,53.93685979576368,105.0,0.5387224177542,0.5386212461548192,0.001,0.10117159938083375
A1,1,60.7974708,0.4,50.0,53.93685979576368,105.40540540541,0.53747099571267,0.5380488322628594,0.001,-0.5778365501893923
A1,1,60.7974708,0.4,50.0,53.93685979576368,105.81081081081,0.53683506942282,0.5374262773352108,0.001,-0.5912079123907565
A1,1,60.7974708,0.4,50.0,53.93685979576368,106.21621621622,0.53714141227828,0.5367475334524803,0.001,0.39387882579977607
A1,1,60.7974708,0.4,50.0,53.93685979576368,106.62162162162,0.53680904000641,0.5360056636092341,0.001,0.8033763971759811
A1,1,60.7974708,0.4,50.0,53.93685979576368,107.02702702703,0.5357716513348,0.5351926878918729,0.001,0.5789634429270718
A1,1,60.7974708,0.4,50.0,53.93685979576368,107.43243243243,0.53477888725052,0.5342993349907482,0.001,0.4795522597718094
A1,1,60.7974708,0.4,50.0,53.93685979576368,107.83783783784,0.53415330735262,0.5333147122515315,0.001,0.838595101088524
A1,1,60.7974708,0.4,50.0,53.93685979576368,108.24324324324,0.53155717734708,0.5322259427398025,0.001,-0.6687653927225368
A1,1,60.7974708,0.4,50.0,53.93685979576368,108.64864864865,0.53167193927458,0.5310177964090749,0.001,0.6541428655051362
A1,1,60.7974708,0.4,50.0,53.93685979576368,109.05405405405,0.5310639548489,0.5296722657850154,0.001,1.391689063884649
A1,1,60.7974708,0.4,50.0,53.93685979576368,109.45945945946,0.5289344587094,0.5281679647175369,0.001,0.7664939918631264
A1,1,60.7974708,0.4,50.0,53.93685979576368,109.86486486486,0.52514358270581,0.5264792354483752,0.001,-1.3356527425651965
A1,1,60.7974708,0.4,50.0,53.93685979576368,110.27027027027,0.52456646289042,0.5245749428907978,0.001,-0.00848000037778629
A1,1,60.7974708,0.4,50.0,53.93685979576368,110.67567567568,0.52183158249785,0.5224170195786119,0.001,-0.5854370807618636
A1,1,60.7974708,0.4,50.0,53.93685979576368,111.08108108108,0.5180551237407,0.519958763740606,0.001,-1.9036399999060594
A1,1,60.7974708,0.4,50.0,53.93685979576368,111.48648648649,0.51630144319069,0.5171426564273669,0.001,-0.8412132366768521
A1,1,60.7974708,0.4,50.0,53.93685979576368,111.89189189189,0.51369296093128,0.5138972231708151,0.001,-0.20426223953506906
A1,1,60.7974708,0.4,50.0,53.93685979576368,112.2972972973,0.50935799746401,0.5101324784357291,0.001,-0.7744809717190604
A1,1,60.7974708,0.4,50.0,53.93685979576368,112.7027027027,0.50499809869488,0.505733770486292,0.001,-0.7356717914119848
A1,1,60.7974708,0.4,50.0,53.93685979576368,113.10810810811,0.4990858524138,0.5005539199807455,0.001,-1.4680675669455079
A1,1,60.7974708,0.4,50.0,53.93685979576368,113.51351351351,0.492606874898,0.4944027876907119,0.001,-1.7959127927119067
A1,1,60.7974708,0.4,50.0,53.93685979576368,113.91891891892,0.48715910964178,0.48703199938786523,0.001,0.12711025391476394
A1,1,60.7974708,0.4,50.0,53.93685979576368,114.32432432432,0.47976701450281,0.47811206647727117,0.001,1.6549480255388382
A1,1,60.7974708,0.4,50.0,53.93685979576368,114.72972972973,0.46538689821654,0.4672006881524212,0.001,-1.813789935881216
A1,1,60.7974708,0.4,50.0,53.93685979576368,115.13513513514,0.45328620351746,0.4537012910438987,0.001,-0.4150875264387066
A1,1,60.7974708,0.4,50.0,53.93685979576368,115.54054054054,0.43755584560529,0.43680430500985545,0.001,0.75154059543453
A1,1,60.7974708,0.4,50.0,53.93685979576368,115.94594594595,0.41571239126726,0.4154011715516812,0.001,0.31121971557879213
A1,1,60.7974708,0.4,50.0,53.93685979576368,116.35135135135,0.38783566776186,0.3879896808114428,0.001,-0.15401304958279072
A1,1,60.7974708,0.4,50.0,53.93685979576368,116.75675675676,0.35381124864578,0.35260579568520906,0.001,1.2054529605709519
A1,1,60.7974708,0.4,50.0,53.93685979576368,117.16216216216,0.30640785488508,0.30685592514948856,0.001,-0.4480702644085732
A1,1,60.7974708,0.4,50.0,53.93685979576368,117.56756756757,0.24776792361117,0.24850294430001432,0.001,-0.7350206888443178
A1,1,60.7974708,0.4,50.0,53.93685979576368,117.97297297297,0.17755347108734,0.17734771115101694,0.001,0.20575993632304668
A1,1,60.7974708,0.4,50.0,53.93685979576368,118.37837837838,0.10014503686181,0.09993638489763032,0.001,0.20865196417968468
A1,1,60.7974708,0.4,50.0,53.93685979576368,118.78378378378,0.035138289131678,0.03524976091577596,0.001,-0.11147178409796205
A1,1,60.7974708,0.4,50.0,53.93685979576368,119.18918918919,0.0031265346235309,0.004802724293487117,0.001,-1.676189669956217
A1,1,60.7974708,0.4,50.0,53.93685979576368,119.59459459459,0.00036360857097532,5.8819245393037e-05,0.001,0.304789325582283
A1,1,60.7974708,0.4,50.0,53.93685979576368,120.0,-0.00037685598810621,-0.0006142799500832934,0.001,0.23742396197708338
A1,1,60.7974708,0.4,50.0,53.93685979576368,120.40540540541,-0.00016534273943803,-0.0003321080626909147,0.001,0.1667653232528847
A1,1,60.7974708,0.4,50.0,53.93685979576368,120.81081081081,-0.0010418133999136,0.00028825476012960693,0.001,-1.330068160043207
A1,1,60.7974708,0.4,50.0,53.93685979576368,121.21621621622,-3.8641339511354e-05,0.0013388463258547751,0.001,-1.377487665366129
A1,1,60.7974708,0.4,50.0,53.93685979576368,121.62162162162,0.0020561278029739,0.003586838114946144,0.001,-1.5307103119722438
A1,1,60.7974708,0.4,50.0,53.93685979576368,122.02702702703,0.0060886358067996,0.00547689997384355,0.001,0.6117358329560492
A1,1,60.7974708,0.4,50.0,53.93685979576368,122.43243243243,0.0059326663287163,0.006849618103687933,0.001,-0.9169517749716329
A1,1,60.7974708,0.4,50.0,53.93685979576368,122.83783783784,0.010871926262727,0.010866962357565317,0.001,0.004963905161683643
A1,1,60.7974708,0.4,50.0,53.93685979576368,123.24324324324,0.029822991618757,0.027457514805444647,0.001,2.365476813312353
A1,1,60.7974708,0.4,50.0,53.93685979576368,123.64864864865,0.074933585841352,0.07552242330756989,0.001,-0.5888374662178925
A1,1,60.7974708,0.4,50.0,53.93685979576368,124.05405405405,0.1581656280859,0.15691442223281143,0.001,1.2512058530885772
A1,1,60.7974708,0.4,50.0,53.93685979576368,124.45945945946,0.24548686397719,0.24473247004307871,0.001,0.7543939341112804
A1,1,60.7974708,0.4,50.0,53.93685979576368,124.86486486486,0.31840330209341,0.31782558171782155,0.001,0.577720375588453
A1,1,60.7974708,0.4,50.0,53.93685979576368,125.27027027027,0.36980368631449,0.37208377687995925,0.001,-2.2800905654692394
A1,1,60.7974708,0.4,50.0,53.93685979576368,125.67567567568,0.41135094520415,0.41094411505919093,0.001,0.40683014495906944
A1,1,60.7974708,0.4,50.0,53.93685979576368,126.08108108108,0.43941418345302,0.43879942649308684,0.001,0.6147569599331826
A1,1,60.7974708,0.4,50.0,53.93685979576368,126.48648648649,0.45699347287806,0.45909107762243595,0.001,-2.097604744375925
A1,1,60.7974708,0.4,50.0,53.93685979576368,126.89189189189,0.47404213871297,0.4741941573214916,0.001,-0.152018608521598
A1,1,60.7974708,0.4,50.0,53.93685979576368,127.2972972973,0.48668134518865,0.4856902087926675,0.001,0.9911363959825281
A1,1,60.7974708,0.4,50.0,53.93685979576368,127.7027027027,0.49462793192467,0.494629532900808,0.001,-0.00160097613804977
A1,1,60.7974708,0.4,50.0,53.93685979576368,128.10810810811,0.50020499648873,0.5017174234959836,0.001,-1.512427007253625
A1,1,60.7974708,0.4,50.0,53.93685979576368,128.51351351351,0.50894778829002,0.5074359980221025,0.001,1.5117902679174788
A1,1,60.7974708,0.4,50.0,53.93685979576368,128.91891891892,0.5097463676242,0.5121217216264303,0.001,-2.3753540022303232
A1,1,60.7974708,0.4,50.0,53.93685979576368,129.32432432432,0.51561443875581,0.5160142713406811,0.001,-0.39983258487108486
A1,1,60.7974708,0.4,50.0,53.93685979576368,129.72972972973,0.52005363322954,0.5192875415389788,0.001,0.7660916905611881
A1,1,60.7974708,0.4,50.0,53.93685979576368,130.13513513514,0.5206857443951,0.5220698183540281,0.001,-1.3840739589281448
A1,1,60.7974708,0.4,50.0,53.93685979576368,130.54054054054,0.52342592562583,0.5244573301028519,0.001,-1.03140447702188
A1,1,60.7974708,0.4,50.0,53.93685979576368,130.94594594595,0.52570372712693,0.526523508214221,0.001,-0.8197810872909717
A1,1,60.7974708,0.4,50.0,53.93685979576368,131.35135135135,0.52709686430539,0.5283252946039797,0.001,-1.2284302985896556
A1,1,60.7974708,0.4,50.0,53.93685979576368,131.75675675676,0.52967896253811,0.5299074139428859,0.001,-0.22845140477589787
A1,1,60.7974708,0.4,50.0,53.93685979576368,132.16216216216,0.53019933114382,0.5313053318968445,0.001,-1.106000753024472
A1,1,60.7974708,0.4,50.0,53.93685979576368,132.56756756757,0.53194319002607,0.5325474202589608,0.001,-0.6042302328908011
A1,1,60.7974708,0.4,50.0,53.93685979576368,132.97297297297,0.53427461753929,0.5336566207544586,0.001,0.6179967848313206
A1,1,60.7974708,0.4,50.0,53.93685979576368,133.37837837838,0.53403395933481,0.5346517204443682,0.001,-0.6177611095581348
A1,1,60.7974708,0.4,50.0,53.93685979576368,133.78378378378,0.53544892093017,0.5355482815340306,0.001,-0.09936060386050993
A1,1,60.7974708,0.4,50.0,53.93685979576368,134.18918918919,0.53628161282742,0.5363592869611801,0.001,-0.07767413376003063
A1,1,60.7974708,0.4,50.0,53.93685979576368,134.59459459459,0.53765695068537,0.5370956000124042,0.001,0.5613506729658102
A1,1,60.7974708,0.4,50.0,53.93685979576368,135.0,0.53929284604564,0.5377663345539588,0.001,1.5265114916811484
A1,2,60.7974708,0.4,100.0,107.87371959152736,105.0,0.50789562749211,0.5097367413426975,0.001,-1.8411138505874947
A1,2,60.7974708,0.4,100.0,107.87371959152736,105.40540540541,0.51063604720928,0.5076151288136802,0.001,3.0209183955998142
A1,2,60.7974708,0.4,100.0,107.87371959152736,105.81081081081,0.50667026501727,0.5053178041112386,0.001,1.3524609060313608
A1,2,60.7974708,0.4,100.0,107.87371959152736,106.21621621622,0.50353913167409,0.5028247964455557,0.001,0.7143352285343685
A1,2,60.7974708,0.4,100.0,107.87371959152736,106.62162162162,0.50122440136647,0.5001139081759606,0.001,1.1104931905093762
A1,2,60.7974708,0.4,100.0,107.87371959152736,107.02702702703,0.4968123444766,0.4971603249999162,0.001,-0.34798052331619367
A1,2,60.7974708,0.4,100.0,107.87371959152736,107.43243243243,0.49468773574998,0.49393507989211494,0.001,0.7526558578650477
A1,2,60.7974708,0.4,100.0,107.87371959152736,107.83783783784,0.49066499153962,0.49040394533937987,0.001,0.2610462002401448
A1,2,60.7974708,0.4,100.0,107.87371959152736,108.24324324324,0.48539645612413,0.48652790554733716,0.001,-1.1314494232071426
A1,2,60.7974708,0.4,100.0,107.87371959152736,108.64864864865,0.48211431488385,0.482263167292418,0.001,-0.14885240856804538
A1,2,60.7974708,0.4,100.0,107.87371959152736,109.05405405405,0.47880299369951,0.47755840067886435,0.001,1.244593020645668
A1,2,60.7974708,0.4,100.0,107.87371959152736,109.45945945946,0.47123447493307,0.4723520176449944,0.001,-1.1175427119243797
A1,2,60.7974708,0.4,100.0,107.87371959152736,109.86486486486,0.46655088179691,0.46657315123667226,0.001,-0.022269439762245824
A1,2,60.7974708,0.4,100.0,107.87371959152736,110.27027027027,0.46044579627515,0.46014124875037854,0.001,0.3045475247714369
A1,2,60.7974708,0.4,100.0,107.87371959152736,110.67567567568,0.45345010979005,0.452959324441653,0.001,0.49078534839702703
A1,2,60.7974708,0.4,100.0,107.87371959152736,111.08108108108,0.44394798484852,0.4449114361442273,0.001,-0.963451295707296
A1,2,60.7974708,0.4,100.0,107.87371959152736,111.48648648649,0.43597409971824,0.4358664060330083,0.001,0.10769368523172451
A1,2,60.7974708,0.4,100.0,107.87371959152736,111.89189189189,0.42545031184245,0.42566752553358383,0.001,-0.21721369113381073
A1,2,60.7974708,0.4,100.0,107.87371959152736,112.2972972973,0.41565404024176,0.41412580341637206,0.001,1.5282368253879408
A1,2,60.7974708,0.4,100.0,107.87371959152736,112.7027027027,0.40118967921078,0.40103020891098595,0.001,0.15947029979407334
A1,2,60.7974708,0.4,100.0,107.87371959152736,113.10810810811,0.38646866867628,0.386125095238055,0.001,0.34357343822499775
A1,2,60.7974708,0.4,100.0,107.87371959152736,113.51351351351,0.37010599748066,0.36912264949662593,0.001,0.9833479840340442
A1,2,60.7974708,0.4,100.0,107.87371959152736,113.91891891892,0.34962191360615,0.349699143206735,0.001,-0.07722960058498263
A1,2,60.7974708,0.4,100.0,107.87371959152736,114.32432432432,0.32860185297263,0.32750090414940414,0.001,1.1009488232258668
A1,2,60.7974708,0.4,100.0,107.87371959152736,114.72972972973,0.30260959767826,0.3021687750327621,0.001,0.44082264549788475
A1,2,60.7974708,0.4,100.0,107.87371959152736,115.13513513514,0.27268682021817,0.27339513498456924,0.001,-0.708314766399265
A1,2,60.7974708,0.4,100.0,107.87371959152736,115.54054054054,0.24216488584398,0.24098202622233972,0.001,1.1828596216402754
A1,2,60.7974708,0.4,100.0,107.87371959152736,115.94594594595,0.2029464231631,0.20501948572954112,0.001,-2.0730625664411306
A1,2,60.7974708,0.4,100.0,107.87371959152736,116.35135135135,0.16695243806096,0.1661096589755812,0.001,0.8427790853788031
A1,2,60.7974708,0.4,100.0,107.87371959152736,116.75675675676,0.12543036314692,0.125666582504931,0.001,-0.23621935801101945
A1,2,60.7974708,0.4,100.0,107.87371959152736,117.16216216216,0.086668049024845,0.08619335734866225,0.001,0.474691676182748
A1,2,60.7974708,0.4,100.0,107.87371959152736,117.56756756757,0.050190309123796,0.05133267786089009,0.001,-1.1423687370940918
A1,2,60.7974708,0.4,100.0,107.87371959152736,117.97297297297,0.025265120286087,0.024908253507468742,0.001,0.3568667786182575
A1,2,60.7974708,0.4,100.0,107.87371959152736,118.37837837838,0.0097139628453397,0.008989685907256935,0.001,0.7242769380827654
A1,2,60.7974708,0.4,100.0,107.87371959152736,118.78378378378,0.0017403515441112,0.0021069797541928767,0.001,-0.3666282100816768
A1,2,60.7974708,0.4,100.0,107.87371959152736,119.18918918919,0.0024898147373542,0.0001668854770701667,0.001,2.3229292602840337
A1,2,60.7974708,0.4,100.0,107.87371959152736,119.59459459459,-0.00072637980098188,-0.00014269957843019562,0.001,-0.5836802225516844
A1,2,60.7974708,0.4,100.0,107.87371959152736,120.0,-0.00017364412947723,0.00011682363262164392,0.001,-0.29046776209887387
A1,2,60.7974708,0.4,100.0,107.87371959152736,120.40540540541,0.0016341074490219,-0.00011125736748275956,0.001,1.7453648165046596
A1,2,60.7974708,0.4,100.0,107.87371959152736,120.81081081081,-0.0012251604285801,-0.00034299729737800346,0.001,-0.8821631312020967
A1,2,60.7974708,0.4,100.0,107.87371959152736,121.21621621622,0.0003305581892407,-5.973726215732125e-05,0.001,0.39029545139802124
A1,2,60.7974708,0.4,100.0,107.87371959152736,121.62162162162,5.2474282812179e-05,0.0001338486359501579,0.001,-0.0813743531379789
A1,2,60.7974708,0.4,100.0,107.87371959152736,122.02702702703,0.002112275935038,0.00033841899480403727,0.001,1.7738569402339626
A1,2,60.7974708,0.4,100.0,107.87371959152736,122.43243243243,0.0012413475964675,0.0008120241113297799,0.001,0.4293234851377201
A1,2,60.7974708,0.4,100.0,107.87371959152736,122.83783783784,0.0021229336580285,0.002079888065044964,0.001,0.043045592983536204
A1,2,60.7974708,0.4,100.0,107.87371959152736,123.24324324324,0.0044237795861777,0.00583053534011652,0.001,-1.4067557539388202
A1,2,60.7974708,0.4,100.0,107.87371959152736,123.64864864865,0.01635128955761,0.015847977814326796,0.001,0.5033117432832052
A1,2,60.7974708,0.4,100.0,107.87371959152736,124.05405405405,0.036249034842677,0.03714880426493926,0.001,-0.8997694222622615
A1,2,60.7974708,0.4,100.0,107.87371959152736,124.45945945946,0.072522785884931,0.07186490871377058,0.001,0.6578771711604203
A1,2,60.7974708,0.4,100.0,107.87371959152736,124.86486486486,0.11589097407014,0.11664755166599279,0.001,-0.756577595852792
A1,2,60.7974708,0.4,100.0,107.87371959152736,125.27027027027,0.16553470767843,0.1652400245211352,0.001,0.2946831572948061
A1,2,60.7974708,0.4,100.0,107.87371959152736,125.67567567568,0.21257459681696,0.21228226513184803,0.001,0.29233168511197394
A1,2,60.7974708,0.4,100.0,107.87371959152736,126.08108108108,0.25575492211093,0.2547908600414774,0.001,0.9640620694525981
A1,2,60.7974708,0.4,100.0,107.87371959152736,126.48648648649,0.29281639669898,0.2917244539667826,0.001,1.0919427321974262
A1,2,60.7974708,0.4,100.0,107.87371959152736,126.89189189189,0.32323264842596,0.32319026854246163,0.001,0.042379883498366855
A1,2,60.7974708,0.4,100.0,107.87371959152736,127.2972972973,0.34917660882391,0.34977247081335683,0.001,-0.5958619894468331
A1,2,60.7974708,0.4,100.0,107.87371959152736,127.7027027027,0.37016533880619,0.37220568716317654,0.001,-2.040348356986521
A1,2,60.7974708,0.4,100.0,107.87371959152736,128.10810810811,0.39147745349916,0.3911811889375862,0.001,0.2962645615738335
A1,2,60.7974708,0.4,100.0,107.87371959152736,128.51351351351,0.40593631960874,0.407312289430627,0.001,-1.3759698218869798
A1,2,60.7974708,0.4,100.0,107.87371959152736,128.91891891892,0.41993868522093,0.4211051988231,0.001,-1.1665136021700162
A1,2,60.7974708,0.4,100.0,107.87371959152736,129.32432432432,0.43289732274337,0.43297024093150016,0.001,-0.07291818813015549
A1,2,60.7974708,0.4,100.0,107.87371959152736,129.72972972973,0.44378531663076,0.4432439264152415,0.001,0.5413902155184669
A1,2,60.7974708,0.4,100.0,107.87371959152736,130.13513513514,0.45162086759243,0.4521943675838984,0.001,-0.5734999914684402
A1,2,60.7974708,0.4,100.0,107.87371959152736,130.54054054054,0.45949859569701,0.46003605135137987,0.001,-0.5374556543698561
A1,2,60.7974708,0.4,100.0,107.87371959152736,130.94594594595,0.46876735391015,0.46694539161687626,0.001,1.821962293273749
A1,2,60.7974708,0.4,100.0,107.87371959152736,131.35135135135,0.47263560600262,0.47306590615377697,0.001,-0.4303001511569704
A1,2,60.7974708,0.4,100.0,107.87371959152736,131.75675675676,0.47829784512147,0.47851305615082085,0.001,-0.21521102935084802
A1,2,60.7974708,0.4,100.0,107.87371959152736,132.16216216216,0.48368308998011,0.4833822600180996,0.001,0.30082996201041823
A1,2,60.7974708,0.4,100.0,107.87371959152736,132.56756756757,0.48721400164875,0.48775391483124325,0.001,-0.5399131824932457
A1,2,60.7974708,0.4,100.0,107.87371959152736,132.97297297297,0.49178954358544,0.4916947355596532,0.001,0.0948080257868189
A1,2,60.7974708,0.4,100.0,107.87371959152736,133.37837837838,0.49582454240525,0.4952596426052432,0.001,0.5648998000067906
A1,2,60.7974708,0.4,100.0,107.87371959152736,133.78378378378,0.49813505762319,0.4984950243490389,0.001,-0.35996672584892586
A1,2,60.7974708,0.4,100.0,107.87371959152736,134.18918918919,0.50293992012616,0.5014409868399765,0.001,1.498933286183446
A1,2,60.7974708,0.4,100.0,107.87371959152736,134.59459459459,0.50305109449775,0.5041318532130006,0.001,-1.080758715250596
A1,2,60.7974708,0.4,100.0,107.87371959152736,135.0,0.50853149585072,0.5065964705950292,0.001,1.935025255690781
A1,3,81.0632944,0.4,25.0,26.96842989788184,105.0,0.54646395883145,0.5473615423666123,0.001,-0.8975835351622274
A1,3,81.0632944,0.4,25.0,26.96842989788184,105.30612244898,0.54809411349852,0.5473237932467205,0.001,0.7703202517994612
A1,3,81.0632944,0.4,25.0,26.96842989788184,105.61224489796,0.54813841288308,0.5472707995436361,0.001,0.8676133394438512
A1,3,81.0632944,0.4,25.0,26.96842989788184,105.91836734694,0.54734173004993,0.5472078142762925,0.001,0.13391577363752738
A1,3,81.0632944,0.4,25.0,26.96842989788184,106.22448979592,0.549260438774,0.5471372084705456,0.001,2.123230303454404
A1,3,81.0632944,0.4,25.0,26.96842989788184,106.5306122449,0.54626994098387,0.5470598272741638,0.001,-0.7898862902937509
A1,3,81.0632944,0.4,25.0,26.96842989788184,106.83673469388,0.54657730242355,0.5469757970499476,0.001,-0.39849462639762745
A1,3,81.0632944,0.4,25.0,26.96842989788184,107.14285714286,0.54687127770684,0.5468848765167212,0.001,-0.013598809881276708
A1,3,81.0632944,0.4,25.0,26.96842989788184,107.44897959184,0.54506552200157,0.5467866038484732,0.001,-1.7210818469032274
A1,3,81.0632944,0.4,25.0,26.96842989788184,107.75510204082,0.54662150208061,0.5466803568569417,0.001,-0.058854776331718206
A1,3,81.0632944,0.4,25.0,26.96842989788184,108.0612244898,0.54693783578278,0.546565374087374,0.001,0.37246169540594565
A1,3,81.0632944,0.4,25.0,26.96842989788184,108.36734693878,0.54633551733432,0.5464407564146478,0.001,-0.1052390803278902
A1,3,81.0632944,0.4,25.0,26.96842989788184,108.67346938776,0.54721024104127,0.5463054573080318,0.001,0.9047837332382125
A1,3,81.0632944,0.4,25.0,26.96842989788184,108.97959183673,0.54542803692605,0.5461582650370209,0.001,-0.7302281109708986
A1,3,81.0632944,0.4,25.0,26.96842989788184,109.28571428571,0.54820509437299,0.5459977778375099,0.001,2.2073165354801194
A1,3,81.0632944,0.4,25.0,26.96842989788184,109.59183673469,0.54478372914709,0.5458223718381932,0.001,-1.0386426911032087
A1,3,81.0632944,0.4,25.0,26.96842989788184,109.89795918367,0.54494394615166,0.5456301607521019,0.001,-0.6862146004419367
A1,3,81.0632944,0.4,25.0,26.96842989788184,110.20408163265,0.54492894162585,0.5454189456669227,0.001,-0.49000404107268913
A1,3,81.0632944,0.4,25.0,26.96842989788184,110.51020408163,0.54429169265806,0.5451861525515618,0.001,-0.8944598935017867
A1,3,81.0632944,0.4,25.0,26.96842989788184,110.81632653061,0.54448270068835,0.544928754244125,0.001,-0.4460535557749834
A1,3,81.0632944,0.4,25.0,26.96842989788184,111.12244897959,0.54319718771433,0.5446431725782701,0.001,-1.4459848639400974
A1,3,81.0632944,0.4,25.0,26.96842989788184,111.42857142857,0.54280640039521,0.5443251548152919,0.001,-1.5187544200818692
A1,3,81.0632944,0.4,25.0,26.96842989788184,111.73469387755,0.54308432488608,0.5439696165154573,0.001,-0.8852916293772273
A1,3,81.0632944,0.4,25.0,26.96842989788184,112.04081632653,0.54472970763739,0.543570440152838,0.001,1.1592674845520845
A1,3,81.0632944,0.4,25.0,26.96842989788184,112.34693877551,0.54342851618223,0.5431202147944086,0.001,0.3083013878213414
A1,3,81.0632944,0.4,25.0,26.96842989788184,112.65306122449,0.54159032472284,0.542609896463632,0.001,-1.0195717407920357
A1,3,81.0632944,0.4,25.0,26.96842989788184,112.95918367347,0.54229559704932,0.5420283606187838,0.001,0.2672364305361663
A1,3,81.0632944,0.4,25.0,26.96842989788184,113.26530612245,0.54355252478209,0.5413618061350463,0.001,2.190718647043788
A1,3,81.0632944,0.4,25.0,26.96842989788184,113.57142857143,0.53982367512379,0.5405929523264436,0.001,-0.7692772026535177
A1,3,81.0632944,0.4,25.0,26.96842989788184,113.87755102041,0.54042951785451,0.5396999436336404,0.001,0.729574220869611
A1,3,81.0632944,0.4,25.0,26.96842989788184,114.18367346939,0.53892768811841,0.5386548353257484,0.001,0.2728527926615376
A1,3,81.0632944,0.4,25.0,26.96842989788184,114.48979591837,0.53889675442515,0.5374214692328776,0.001,1.4752851922723575
A1,3,81.0632944,0.4,25.0,26.96842989788184,114.79591836735,0.53484409268101,0.5359524462341576,0.001,-1.1083535531476452
A1,3,81.0632944,0.4,25.0,26.96842989788184,115.10204081633,0.53413747442147,0.5341847363506921,0.001,-0.04726192922210881
A1,3,81.0632944,0.4,25.0,26.96842989788184,115.40816326531,0.53147372632246,0.5320331922879544,0.001,-0.5594659654943879
A1,3,81.0632944,0.4,25.0,26.96842989788184,115.71428571429,0.53006217948511,0.5293807655639357,0.001,0.6814139211743786
A1,3,81.0632944,0.4,25.0,26.96842989788184,116.02040816327,0.52491757767238,0.5260634121613633,0.001,-1.1458344889833105
A1,3,81.0632944,0.4,25.0,26.96842989788184,116.32653061224,0.52048673541993,0.5218462231408539,0.001,-1.3594877209239797
A1,3,81.0632944,0.4,25.0,26.96842989788184,116.63265306122,0.51526444486479,0.516384649173704,0.001,-1.120204308914019
A1,3,81.0632944,0.4,25.0,26.96842989788184,116.9387755102,0.5083132939801,0.5091596533972333,0.001,-0.8463594171334021
A1,3,81.0632944,0.4,25.0,26.96842989788184,117.24489795918,0.49824768495293,0.49936588596102277,0.001,-1.1182010080927896
A1,3,81.0632944,0.4,25.0,26.96842989788184,117.55102040816,0.48471707753987,0.48571284394430075,0.001,-0.9957664044307757
A1,3,81.0632944,0.4,25.0,26.96842989788184,117.85714285714,0.46596728609865,0.46606189325212033,0.001,-0.09460715347031634
A1,3,81.0632944,0.4,25.0,26.96842989788184,118.16326530612,0.43740241075172,0.43675721036927656,0.001,0.6452003824434227
A1,3,81.0632944,0.4,25.0,26.96842989788184,118.4693877551,0.3904138594524,0.3914488473890156,0.001,-1.0349879366156056
A1,3,81.0632944,0.4,25.0,26.96842989788184,118.77551020408,0.31925951409035,0.3195595676714347,0.001,-0.3000535810846472
A1,3,81.0632944,0.4,25.0,26.96842989788184,119.08163265306,0.20785619282676,0.20817272362662617,0.001,-0.3165307998661826
A1,3,81.0632944,0.4,25.0,26.96842989788184,119.38775510204,0.070182356683897,0.06998695822659799,0.001,0.19539845729900363
A1,3,81.0632944,0.4,25.0,26.96842989788184,119.69387755102,0.00052978009989288,0.002265382538266369,0.001,-1.7356024383734887
A1,3,81.0632944,0.4,25.0,26.96842989788184,120.0,-0.00049901184336719,-0.0004229162907184656,0.001,-0.07609555264872445
A1,3,81.0632944,0.4,25.0,26.96842989788184,120.30612244898,0.00043136936234591,0.0005766142038813971,0.001,-0.14524484153548717
A1,3,81.0632944,0.4,25.0,26.96842989788184,120.61224489796,0.023163098799478,0.023013974557450318,0.001,0.1491242420276831
A1,3,81.0632944,0.4,25.0,26.96842989788184,120.91836734694,0.084006124380325,0.08404662591948445,0.001,-0.04050153915945154
A1,3,81.0632944,0.4,25.0,26.96842989788184,121.22448979592,0.14165305233171,0.141524089526253,0.001,0.12896280545698913
A1,3,81.0632944,0.4,25.0,26.96842989788184,121.5306122449,0.17412821956469,0.17528540032890622,0.001,-1.1571807642162257
A1,3,81.0632944,0.4,25.0,26.96842989788184,121.83673469388,0.18447054446657,0.18366512498591303,0.001,0.8054194806569603
A1,3,81.0632944,0.4,25.0,26.96842989788184,122.14285714286,0.16987379460205,0.16889147683905967,0.001,0.9823177629903201
A1,3,81.0632944,0.4,25.0,26.96842989788184,122.44897959184,0.13817312714301,0.13774391913833428,0.001,0.4292080046757185
A1,3,81.0632944,0.4,25.0,26.96842989788184,122.75510204082,0.11083724191801,0.11157054638233799,0.001,-0.7333044643279829
A1,3,81.0632944,0.4,25.0,26.96842989788184,123.0612244898,0.12919871124728,0.12919427128393757,0.001,0.004439963342428577
A1,3,81.0632944,0.4,25.0,26.96842989788184,123.36734693878,0.21504696457747,0.2139213525783979,0.001,1.1256119990721014
A1,3,81.0632944,0.4,25.0,26.96842989788184,123.67346938776,0.32195449758158,0.32198829069913837,0.001,-0.03379311755835612
A1,3,81.0632944,0.4,25.0,26.96842989788184,123.97959183673,0.40364150041566,0.4032998638026855,0.001,0.341636612974483
A1,3,81.0632944,0.4,25.0,26.96842989788184,124.28571428571,0.45473354147396,0.4536066222581157,0.001,1.126919215844291
A1,3,81.0632944,0.4,25.0,26.96842989788184,124.59183673469,0.48463104971941,0.4837010030799632,0.001,0.930046639446791
A1,3,81.0632944,0.4,25.0,26.96842989788184,124.89795918367,0.50234777748964,0.5021584149870212,0.001,0.18936250261880616
A1,3,81.0632944,0.4,25.0,26.96842989788184,125.20408163265,0.51411597699459,0.5139556979859274,0.001,0.16027900866255607
A1,3,81.0632944,0.4,25.0,26.96842989788184,125.51020408163,0.52232864961121,0.5218257805215363,0.001,0.5028690896736743
A1,3,81.0632944,0.4,25.0,26.96842989788184,125.81632653061,0.52669561813027,0.5272878431849015,0.001,-0.5922250546315233
A1,3,81.0632944,0.4,25.0,26.96842989788184,126.12244897959,0.53056965054199,0.5312141561327185,0.001,-0.6445055907284836
A1,3,81.0632944,0.4,25.0,26.96842989788184,126.42857142857,0.53461101836573,0.5341245075039817,0.001,0.4865108617483349
A1,3,81.0632944,0.4,25.0,26.96842989788184,126.73469387755,0.53445462709521,0.5363401583540544,0.001,-1.8855312588443862
A1,3,81.0632944,0.4,25.0,26.96842989788184,127.04081632653,0.53801816144953,0.5380665384692155,0.001,-0.04837701968551933
A1,3,81.0632944,0.4,25.0,26.96842989788184,127.34693877551,0.53940693596896,0.5394391489865967,0.001,-0.03221301763667306
A1,3,81.0632944,0.4,25.0,26.96842989788184,127.65306122449,0.5412631590437,0.5405499095088365,0.001,0.7132495348635137
A1,3,81.0632944,0.4,25.0,26.96842989788184,127.95918367347,0.54157808931746,0.5414627735881792,0.001,0.11531572928080713
A1,3,81.0632944,0.4,25.0,26.96842989788184,128.26530612245,0.54233090529236,0.5422232648017595,0.001,0.10764049060052461
A1,3,81.0632944,0.4,25.0,26.96842989788184,128.57142857143,0.54250324512819,0.5428644631352598,0.001,-0.3612180070697857
A1,3,81.0632944,0.4,25.0,26.96842989788184,128.87755102041,0.54319351286205,0.5434108593577853,0.001,-0.2173464957353488
A1,3,81.0632944,0.4,25.0,26.96842989788184,129.18367346939,0.54166954523501,0.5438808949481995,0.001,-2.211349713189481
A1,3,81.0632944,0.4,25.0,26.96842989788184,129.48979591837,0.54337154308748,0.5442886718268756,0.001,-0.9171287393955341
A1,3,81.0632944,0.4,25.0,26.96842989788184,129.79591836735,0.5447197837276,0.544645125951979,0.001,0.07465777562098985
A1,3,81.0632944,0.4,25.0,26.96842989788184,130.10204081633,0.5448980706961,0.5449588475060032,0.001,-0.06077680990324019
A1,3,81.0632944,0.4,25.0,26.96842989788184,130.40816326531,0.54406660065541,0.5452366636590368,0.001,-1.1700630036267645
A1,3,81.0632944,0.4,25.0,26.96842989788184,130.71428571429,0.54486337515956,0.5454840590192518,0.001,-0.6206838596918285
A1,3,81.0632944,0.4,25.0,26.96842989788184,131.02040816327,0.5478685088594,0.5457054832809785,0.001,2.163025578421518
A1,3,81.0632944,0.4,25.0,26.96842989788184,131.32653061224,0.54512193403423,0.5459045792967933,0.001,-0.7826452625632196
A1,3,81.0632944,0.4,25.0,26.96842989788184,131.63265306122,0.54675480821108,0.5460843542041565,0.001,0.6704540069235598
A1,3,81.0632944,0.4,25.0,26.96842989788184,131.9387755102,0.5462184563841,0.5462473092538795,0.001,-0.028852869779494306
A1,3,81.0632944,0.4,25.0,26.96842989788184,132.24489795918,0.54530813277063,0.5463955393047806,0.001,-1.0874065341506256
A1,3,81.0632944,0.4,25.0,26.96842989788184,132.55102040816,0.54675447622795,0.5465308097603814,0.001,0.2236664675686617
A1,3,81.0632944,0.4,25.0,26.96842989788184,132.85714285714,0.54689255157394,0.5466546165153635,0.001,0.23793505857649944
A1,3,81.0632944,0.4,25.0,26.96842989788184,133.16326530612,0.5471475270869,0.5467682329225768,0.001,0.37929416432314067
A1,3,81.0632944,0.4,25.0,26.96842989788184,133.4693877551,0.54755470514433,0.5468727466890997,0.001,0.6819584552303359
A1,3,81.0632944,0.4,25.0,26.96842989788184,133.77551020408,0.54702643666696,0.5469690887591601,0.001,0.05734790779998722
A1,3,81.0632944,0.4,25.0,26.96842989788184,134.08163265306,0.54643445207186,0.5470580556056387,0.001,-0.6236035337786605
A1,3,81.0632944,0.4,25.0,26.96842989788184,134.38775510204,0.5457893489143,0.5471403257709566,0.001,-1.3509768566566382
A1,3,81.0632944,0.4,25.0,26.96842989788184,134.69387755102,0.54892480121517,0.5472164708997241,0.001,1.7083303154458163
A1,3,81.0632944,0.4,25.0,26.96842989788184,135.0,0.54816583658801,0.5472869607521356,0.001,0.8788758358744264
A1,4,81.0632944,0.4,50.0,53.93685979576368,105.0,0.5417946207558,0.5428922008396019,0.001,-1.0975800838018968
A1,4,81.0632944,0.4,50.0,53.93685979576368,105.30612244898,0.54340870730494,0.5427448799054955,0.001,0.6638273994444832
A1,4,81.0632944,0.4,50.0,53.93685979576368,105.61224489796,0.54230385284098,0.5425363806361732,0.001,-0.23252779519311595
A1,4,81.0632944,0.4,50.0,53.93685979576368,105.91836734694,0.54321664646367,0.542287952495318,0.001,0.9286939683519346
A1,4,81.0632944,0.4,50.0,53.93685979576368,106.22448979592,0.54119091820767,0.542009289665035,0.001,-0.8183714573650747
A1,4,81.0632944,0.4,50.0,53.93685979576368,106.5306122449,0.54099027621429,0.5417039024735715,0.001,-0.7136262592815079
A1,4,81.0632944,0.4,50.0,53.93685979576368,106.83673469388,0.54068816203297,0.5413723931113674,0.001,-0.6842310783974348
A1,4,81.0632944,0.4,50.0,53.93685979576368,107.14285714286,0.54256935172687,0.5410138865909908,0.001,1.5554651358792304
A1,4,81.0632944,0.4,50.0,53.93685979576368,107.44897959184,0.54056293030307,0.5406266317740844,0.001,-0.06370147101442125
A1,4,81.0632944,0.4,50.0,53.93685979576368,107.75510204082,0.5381438980965,0.5402082492691527,0.001,-2.0643511726526897
A1,4,81.0632944,0.4,50.0,53.93685979576368,108.0612244898,0.54004379438624,0.5397558212479345,0.001,0.2879731383054196
A1,4,81.0632944,0.4,50.0,53.93685979576368,108.36734693878,0.53882254243976,0.539265903170873,0.001,-0.4433607311129517
A1,4,81.0632944,0.4,50.0,53.93685979576368,108.67346938776,0.53714700247629,0.5387344908961472,0.001,-1.5874884198572303
A1,4,81.0632944,0.4,50.0,53.93685979576368,108.97959183673,0.54041773972087,0.5381569568819091,0.001,2.2607828389609175
A1,4,81.0632944,0.4,50.0,53.93685979576368,109.28571428571,0.53721082625539,0.5375279601017157,0.001,-0.3171338463257012
A1,4,81.0632944,0.4,50.0,53.93685979576368,109.59183673469,0.53970548365758,0.5368413295612494,0.001,2.8641540963305623
A1,4,81.0632944,0.4,50.0,53.93685979576368,109.89795918367,0.53840775609432,0.5360899182947081,0.001,2.3178377996119215
A1,4,81.0632944,0.4,50.0,53.93685979576368,110.20408163265,0.53368615684887,0.5352654223281115,0.001,-1.5792654792414762
A1,4,81.0632944,0.4,50.0,53.93685979576368,110.51020408163,0.53382031327794,0.5343581566633183,0.001,-0.5378433853783227
A1,4,81.0632944,0.4,50.0,53.93685979576368,110.81632653061,0.53213890371785,0.5333567775203278,0.001,-1.2178738024778424
A1,4,81.0632944,0.4,50.0,53.93685979576368,111.12244897959,0.53304930483465,0.5322479365270935,0.001,0.8013683075565048
A1,4,81.0632944,0.4,50.0,53.93685979576368,111.42857142857,0.53049216460352,0.5310158478814095,0.001,-0.5236832778895417
A1,4,81.0632944,0.4,50.0,53.93685979576368,111.73469387755,0.53084493688862,0.5296417432703708,0.001,1.2031936182491654
A1,4,81.0632944,0.4,50.0,53.93685979576368,112.04081632653,0.52727846464576,0.5281031808620165,0.001,-0.8247162162564603
A1,4,81.0632944,0.4,50.0,53.93685979576368,112.34693877551,0.52726689932804,0.5263731630189586,0.001,0.8937363090814054
A1,4,81.0632944,0.4,50.0,53.93685979576368,112.65306122449,0.52505672976884,0.5244190012319511,0.001,0.6377285368889263
A1,4,81.0632944,0.4,50.0,53.93685979576368,112.95918367347,0.52358202414093,0.522200844115653,0.001,1.3811800252769846
A1,4,81.0632944,0.4,50.0,53.93685979576368,113.26530612245,0.51834492469816,0.5196697523554903,0.001,-1.3248276573303297
A1,4,81.0632944,0.4,50.0,53.93685979576368,113.57142857143,0.51779797818604,0.5167651589500045,0.001,1.032819236035487
A1,4,81.0632944,0.4,50.0,53.93685979576368,113.87755102041,0.51346273469679,0.5134114878001521,0.001,0.05124689663793536
A1,4,81.0632944,0.4,50.0,53.93685979576368,114.18367346939,0.50847062734568,0.5095136094371947,0.001,-1.0429820915146548
A1,4,81.0632944,0.4,50.0,53.93685979576368,114.48979591837,0.50378178197176,0.5049506760188445,0.001,-1.1688940470844233
A1,4,81.0632944,0.4,50.0,53.93685979576368,114.79591836735,0.49850867155679,0.4995676792935561,0.001,-1.0590077367660933
A1,4,81.0632944,0.4,50.0,53.93685979576368,115.10204081633,0.49414629181084,0.4931637881469704,0.001,0.9825036638695939
A1,4,81.0632944,0.4,50.0,53.93685979576368,115.40816326531,0.48673009908324,0.4854761124467262,0.001,1.2539866365137708
A1,4,81.0632944,0.4,50.0,53.93685979576368,115.71428571429,0.47707575711374,0.47615697317169786,0.001,0.9187839420421451
A1,4,81.0632944,0.4,50.0,53.93685979576368,116.02040816327,0.46381199150921,0.46474203261378144,0.001,-0.9300411045714552
A1,4,81.0632944,0.4,50.0,53.93685979576368,116.32653061224,0.44925505522366,0.45060588372988386,0.001,-1.3508285062238667
A1,4,81.0632944,0.4,50.0,53.93685979576368,116.63265306122,0.43414364157273,0.432901483599039,0.001,1.2421579736909827
A1,4,81.0632944,0.4,50.0,53.93685979576368,116.9387755102,0.41165869319606,0.4104820114252198,0.001,1.1766817708402377
A1,4,81.0632944,0.4,50.0,53.93685979576368,117.24489795918,0.38202143400059,0.3818138564269175,0.001,0.20757757367251273
A1,4,81.0632944,0.4,50.0,53.93685979576368,117.55102040816,0.34468468506956,0.34492290286343913,0.001,-0.23821779387911413
A1,4,81.0632944,0.4,50.0,53.93685979576368,117.85714285714,0.29911059135014,0.29751360389088405,0.001,1.5969874592559608
A1,4,81.0632944,0.4,50.0,53.93685979576368,118.16326530612,0.23839549254396,0.23765149114181364,0.001,0.7440014021463659
A1,4,81.0632944,0.4,50.0,53.93685979576368,118.4693877551,0.16462038798995,0.1659043288430604,0.001,-1.283940853110399
A1,4,81.0632944,0.4,50.0,53.93685979576368,118.77551020408,0.089575830036056,0.09008886876966705,0.001,-0.5130387336110542
A1,4,81.0632944,0.4,50.0,53.93685979576368,119.08163265306,0.030799294343253,0.02980633812718397,0.001,0.9929562160690304
A1,4,81.0632944,0.4,50.0,53.93685979576368,119.38775510204,0.002140255057284,0.0036657533316782707,0.001,-1.5254982743942709
A1,4,81.0632944,0.4,50.0,53.93685979576368,119.69387755102,0.0002625815633957,7.024946578496427e-05,0.001,0.19233209761073575
A1,4,81.0632944,0.4,50.0,53.93685979576368,120.0,-0.0018212766281322,-0.0005452176612161978,0.001,-1.276058966916002
A1,4,81.0632944,0.4,50.0,53.93685979576368,120.30612244898,0.0005378475530631,-2.5902904019597567e-05,0.001,0.5637504570826976
A1,4,81.0632944,0.4,50.0,53.93685979576368,120.61224489796,-0.00015211454601233,0.0002918608165540583,0.001,-0.44397536256638837
A1,4,81.0632944,0.4,50.0,53.93685979576368,120.91836734694,0.0014639923153816,0.0023521001591044325,0.001,-0.8881078437228325
A1,4,81.0632944,0.4,50.0,53.93685979576368,121.22448979592,0.0077269295644889,0.007474620791899152,0.001,0.25230877258974793
A1,4,81.0632944,0.4,50.0,53.93685979576368,121.5306122449,0.012856885963835,0.013290887348285282,0.001,-0.4340013844502822
A1,4,81.0632944,0.4,50.0,53.93685979576368,121.83673469388,0.017362330479478,0.016205191126432972,0.001,1.1571393530450287
A1,4,81.0632944,0.4,50.0,53.93685979576368,122.14285714286,0.015500988182493,0.015104929744432257,0.001,0.3960584380607434
A1,4,81.0632944,0.4,50.0,53.93685979576368,122.44897959184,0.013039496423732,0.012171007984814868,0.001,0.8684884389171323
A1,4,81.0632944,0.4,50.0,53.93685979576368,122.75510204082,0.0089447566755098,0.011410517995266063,0.001,-2.4657613197562616
A1,4,81.0632944,0.4,50.0,53.93685979576368,123.0612244898,0.019889800752753,0.0187578959789706,0.001,1.1319047737824022
A1,4,81.0632944,0.4,50.0,53.93685979576368,123.36734693878,0.047264144044843,0.04821278097145671,0.001,-0.948636926613712
A1,4,81.0632944,0.4,50.0,53.93685979576368,123.67346938776,0.11338474127107,0.1136641531653557,0.001,-0.27941189428570823
A1,4,81.0632944,0.4,50.0,53.93685979576368,123.97959183673,0.19905141943903,0.20074695232747053,0.001,-1.695532888440543
A1,4,81.0632944,0.4,50.0,53.93685979576368,124.28571428571,0.28095679349155,0.2826053809493379,0.001,-1.6485874577878978
A1,4,81.0632944,0.4,50.0,53.93685979576368,124.59183673469,0.34571635220526,0.34697042336578326,0.001,-1.2540711605232846
A1,4,81.0632944,0.4,50.0,53.93685979576368,124.89795918367,0.39539954339377,0.3940147452559111,0.001,1.3847981378588559
A1,4,81.0632944,0.4,50.0,53.93685979576368,125.20408163265,0.42820948017945,0.4277415323574949,0.001,0.46794782195508366
A1,4,81.0632944,0.4,50.0,53.93685979576368,125.51020408163,0.45134578353761,0.4520558021163994,0.001,-0.7100185787893842
A1,4,81.0632944,0.4,50.0,53.93685979576368,125.81632653061,0.46837023494418,0.46987021755429087,0.001,-1.4999826101108615
A1,4,81.0632944,0.4,50.0,53.93685979576368,126.12244897959,0.4848533164355,0.48318560383343545,0.001,1.6677126020645527
A1,4,81.0632944,0.4,50.0,53.93685979576368,126.42857142857,0.4914391781513,0.4933450323792256,0.001,-1.9058542279256074
A1,4,81.0632944,0.4,50.0,53.93685979576368,126.73469387755,0.50196734175737,0.5012509088485801,0.001,0.7164329087898658
A1,4,81.0632944,0.4,50.0,53.93685979576368,127.04081632653,0.50911632589417,0.5075165521458234,0.001,1.5997737483466334
A1,4,81.0632944,0.4,50.0,53.93685979576368,127.34693877551,0.51354919077729,0.5125655212716564,0.001,0.9836695056335554
A1,4,81.0632944,0.4,50.0,53.93685979576368,127.65306122449,0.516826868644,0.5166955288723882,0.001,0.13133977161172705
A1,4,81.0632944,0.4,50.0,53.93685979576368,127.95918367347,0.5195996186204,0.5201195993230098,0.001,-0.5199807026097236
A1,4,81.0632944,0.4,50.0,53.93685979576368,128.26530612245,0.52348337510823,0.5229928260073896,0.001,0.49054910084034287
A1,4,81.0632944,0.4,50.0,53.93685979576368,128.57142857143,0.52474769388329,0.5254300039584607,0.001,-0.6823100751707223
A1,4,81.0632944,0.4,50.0,53.93685979576368,128.87755102041,0.52643568099248,0.5275174286840116,0.001,-1.081747691531687
A1,4,81.0632944,0.4,50.0,53.93685979576368,129.18367346939,0.52864084174447,0.5293209173281834,0.001,-0.6800755837134131
A1,4,81.0632944,0.4,50.0,53.93685979576368,129.48979591837,0.53144367078479,0.5308913480774663,0.001,0.5523227073237491
A1,4,81.0632944,0.4,50.0,53.93685979576368,129.79591836735,0.53263946311855,0.5322685444846076,0.001,0.37091863394245195
A1,4,81.0632944,0.4,50.0,53.93685979576368,130.10204081633,0.5337998151124,0.5334840393342374,0.001,0.31577577816266356
A1,4,81.0632944,0.4,50.0,53.93685979576368,130.40816326531,0.53500522001275,0.5345630687730597,0.001,0.44215123969026937
A1,4,81.0632944,0.4,50.0,53.93685979576368,130.71428571429,0.53533950025258,0.5355260300994138,0.001,-0.18652984683376062
A1,4,81.0632944,0.4,50.0,53.93685979576368,131.02040816327,0.53659638324607,0.5363895607257319,0.001,0.20682252033810133
A1,4,81.0632944,0.4,50.0,53.93685979576368,131.32653061224,0.536238391253,0.537167346087176,0.001,-0.9289548341759879
A1,4,81.0632944,0.4,50.0,53.93685979576368,131.63265306122,0.53931401627892,0.5378707311649613,0.001,1.4432851139586367
A1,4,81.0632944,0.4,50.0,53.93685979576368,131.9387755102,0.53751820807214,0.5385091880372908,0.001,-0.99097996515074
A1,4,81.0632944,0.4,50.0,53.93685979576368,132.24489795918,0.5397924318676,0.5390906766404985,0.001,0.7017552271014749
A1,4,81.0632944,0.4,50.0,53.93685979576368,132.55102040816,0.54042227108053,0.5396219254123763,0.001,0.8003456681536791
A1,4,81.0632944,0.4,50.0,53.93685979576368,132.85714285714,0.54180706196367,0.5401086510907155,0.001,1.6984108729545255
A1,4,81.0632944,0.4,50.0,53.93685979576368,133.16326530612,0.54002755544335,0.5405557317030004,0.001,-0.5281762596504036
A1,4,81.0632944,0.4,50.0,53.93685979576368,133.4693877551,0.54121385232271,0.5409673429101294,0.001,0.24650941258064218
A1,4,81.0632944,0.4,50.0,53.93685979576368,133.77551020408,0.54054247306361,0.5413470650032349,0.001,-0.804591939624899
A1,4,81.0632944,0.4,50.0,53.93685979576368,134.08163265306,0.54113678790717,0.5416979654840853,0.001,-0.5611775769153171
A1,4,81.0632944,0.4,50.0,53.93685979576368,134.38775510204,0.54032848664313,0.5420226600920812,0.001,-1.694173448951175
A1,4,81.0632944,0.4,50.0,53.93685979576368,134.69387755102,0.5419547399058,0.5423233528582976,0.001,-0.3686129524975712
A1,4,81.0632944,0.4,50.0,53.93685979576368,135.0,0.54326109486185,0.5426018527958854,0.001,0.6592420659646825
A1,5,81.0632944,0.4,100.0,107.87371959152736,105.0,0.52484773030232,0.5254296734360345,0.001,-0.5819431337145131
A1,5,81.0632944,0.4,100.0,107.87371959152736,105.30612244898,0.52567868682981,0.5248980010003108,0.001,0.7806858294991947
A1,5,81.0632944,0.4,100.0,107.87371959152736,105.61224489796,0.5260544746937,0.5241183689520083,0.001,1.9361057416917848
A1,5,81.0632944,0.4,100.0,107.87371959152736,105.91836734694,0.52259460740007,0.5231791908279991,0.001,-0.5845834279291084
A1,5,81.0632944,0.4,100.0,107.87371959152736,106.22448979592,0.5235689129298,0.5221226324057279,0.001,1.446280524072141
A1,5,81.0632944,0.4,100.0,107.87371959152736,106.5306122449,0.52356757959438,0.5209648061908755,0.001,2.6027734035045658
A1,5,81.0632944,0.4,100.0,107.87371959152736,106.83673469388,0.52007876877572,0.5197096208795111,0.001,0.369147896208899
A1,5,81.0632944,0.4,100.0,107.87371959152736,107.14285714286,0.5187491811676,0.5183549399881167,0.001,0.39424117948339
A1,5,81.0632944,0.4,100.0,107.87371959152736,107.44897959184,0.51579309441965,0.5168951914029909,0.001,-1.10209698334085
A1,5,81.0632944,0.4,100.0,107.87371959152736,107.75510204082,0.51388858114357,0.5153224712964917,0.001,-1.433890152921724
A1,5,81.0632944,0.4,100.0,107.87371959152736,108.0612244898,0.51332494128336,0.5136269847738184,0.001,-0.3020434904583702
A1,5,81.0632944,0.4,100.0,107.87371959152736,108.36734693878,0.5125761289636,0.5117971695990955,0.001,0.7789593645045612
A1,5,81.0632944,0.4,100.0,107.87371959152736,108.67346938776,0.51071488943523,0.50981964960306,0.001,0.8952398321699917
A1,5,81.0632944,0.4,100.0,107.87371959152736,108.97959183673,0.50772134993358,0.5076790808605838,0.001,0.04226907299620386
A1,5,81.0632944,0.4,100.0,107.87371959152736,109.28571428571,0.50486247577318,0.5053579167472061,0.001,-0.49544097402609566
A1,5,81.0632944,0.4,100.0,107.87371959152736,109.59183673469,0.503131294699,0.502836100272167,0.001,0.295194426833012
A1,5,81.0632944,0.4,100.0,107.87371959152736,109.89795918367,0.49972463139493,0.5000906823952578,0.001,-0.3660510003277717
A1,5,81.0632944,0.4,100.0,107.87371959152736,110.20408163265,0.49724813790608,0.4970953584445136,0.001,0.1527794615664435
A1,5,81.0632944,0.4,100.0,107.87371959152736,110.51020408163,0.49286084533786,0.493819909160384,0.001,-0.9590638225239756
A1,5,81.0632944,0.4,100.0,107.87371959152736,110.81632653061,0.49021323343011,0.4902295278639787,0.001,-0.016294433868746516
A1,5,81.0632944,0.4,100.0,107.87371959152736,111.12244897959,0.48496541474244,0.4862840111024203,0.001,-1.3185963599803285
A1,5,81.0632944,0.4,100.0,107.87371959152736,111.42857142857,0.48264144088498,0.4819367868735485,0.001,0.7046540114314936
A1,5,81.0632944,0.4,100.0,107.87371959152736,111.73469387755,0.47673016402139,0.47713375067493646,0.001,-0.4035866535464505
A1,5,81.0632944,0.4,100.0,107.87371959152736,112.04081632653,0.47334480979004,0.47181187253667667,0.001,1.5329372533633423
A1,5,81.0632944,0.4,100.0,107.87371959152736,112.34693877551,0.46549572697737,0.465897527656126,0.001,-0.40180067875600356
A1,5,81.0632944,0.4,100.0,107.87371959152736,112.65306122449,0.45910578563196,0.4593044961081936,0.001,-0.19871047623365445
A1,5,81.0632944,0.4,100.0,107.87371959152736,112.95918367347,0.45143795838486,0.45193158394806904,0.001,-0.4936255632090325
A1,5,81.0632944,0.4,100.0,107.87371959152736,113.26530612245,0.44233358145519,0.44365983707901935,0.001,-1.3262556238293755
A1,5,81.0632944,0.4,100.0,107.87371959152736,113.57142857143,0.43421760220185,0.43434933023531824,0.001,-0.1317280334682258
A1,5,81.0632944,0.4,100.0,107.87371959152736,113.87755102041,0.42357974393323,0.4238355284353344,0.001,-0.25578450210439474
A1,5,81.0632944,0.4,100.0,107.87371959152736,114.18367346939,0.41348657024908,0.4119253380222041,0.001,1.561232226875875
A1,5,81.0632944,0.4,100.0,107.87371959152736,114.48979591837,0.39776306549771,0.3983932334648708,0.001,-0.6301679671608107
A1,5,81.0632944,0.4,100.0,107.87371959152736,114.79591836735,0.38251068316485,0.38297810487653805,0.001,-0.46742171168806523
A1,5,81.0632944,0.4,100.0,107.87371959152736,115.10204081633,0.36457741867604,0.36538199583626757,0.001,-0.804577160227582
A1,5,81.0632944,0.4,100.0,107.87371959152736,115.40816326531,0.3452574047742,0.34527332989787823,0.001,-0.015925123678206532
A1,5,81.0632944,0.4,100.0,107.87371959152736,115.71428571429,0.32203649491514,0.3222986968509186,0.001,-0.2622019357785832
A1,5,81.0632944,0.4,100.0,107.87371959152736,116.02040816327,0.29443881817426,0.2961102993492794,0.001,-1.671481175019418
A1,5,81.0632944,0.4,100.0,107.87371959152736,116.32653061224,0.26821801777974,0.2664208734794466,0.001,1.7971443002934295
A1,5,81.0632944,0.4,100.0,107.87371959152736,116.63265306122,0.23335545490248,0.23310290742481557,0.001,0.25254747766442764
A1,5,81.0632944,0.4,100.0,107.87371959152736,116.9387755102,0.19549503043212,0.19635394590037153,0.001,-0.8589154682515365
A1,5,81.0632944,0.4,100.0,107.87371959152736,117.24489795918,0.15684711964372,0.15694398129617904,0.001,-0.09686165245903489
A1,5,81.0632944,0.4,100.0,107.87371959152736,117.55102040816,0.11681342969226,0.11652391926957817,0.001,0.2895104226818268
A1,5,81.0632944,0.4,100.0,107.87371959152736,117.85714285714,0.079472635054434,0.0778650751017396,0.001,1.607559952694404
A1,5,81.0632944,0.4,100.0,107.87371959152736,118.16326530612,0.043514445590331,0.04468856048212596,0.001,-1.174114891794961
A1,5,81.0632944,0.4,100.0,107.87371959152736,118.4693877551,0.020621515012436,0.02057734532536617,0.001,0.04416968706983174
A1,5,81.0632944,0.4,100.0,107.87371959152736,118.77551020408,0.008586220014779,0.006922031365258177,0.001,1.664188649520822
A1,5,81.0632944,0.4,100.0,107.87371959152736,119.08163265306,0.0032925135921115,0.001519824453404481,0.001,1.772689138707019
A1,5,81.0632944,0.4,100.0,107.87371959152736,119.38775510204,-0.001576786340193,0.00017919216203475904,0.001,-1.755978502227759
A1,5,81.0632944,0.4,100.0,107.87371959152736,119.69387755102,-0.0012746824864549,-2.6599759801876506e-05,0.001,-1.2480827266530234
A1,5,81.0632944,0.4,100.0,107.87371959152736,120.0,0.0015149795207128,0.00018831586505575429,0.001,1.3266636556570457
A1,5,81.0632944,0.4,100.0,107.87371959152736,120.30612244898,0.00053911726384089,9.719386990986824e-06,0.001,0.5293978768499031
A1,5,81.0632944,0.4,100.0,107.87371959152736,120.61224489796,-0.0010870374867455,-1.3373673018783928e-05,0.001,-1.073663813726716
A1,5,81.0632944,0.4,100.0,107.87371959152736,120.91836734694,0.0022836419159608,3.4192557678927764e-05,0.001,2.249449358281872
A1,5,81.0632944,0.4,100.0,107.87371959152736,121.22448979592,0.0014938305563699,9.704927812377148e-05,0.001,1.3967812782461284
A1,5,81.0632944,0.4,100.0,107.87371959152736,121.5306122449,0.0012099144092774,0.00021335481189386317,0.001,0.9965595973835368
A1,5,81.0632944,0.4,100.0,107.87371959152736,121.83673469388,-0.00026807424917744,0.0003789299261075768,0.001,-0.6470041752850169
A1,5,81.0632944,0.4,100.0,107.87371959152736,122.14285714286,0.00071928627022933,0.0005939072235644409,0.001,0.12537904666488908
A1,5,81.0632944,0.4,100.0,107.87371959152736,122.44897959184,0.00069073472139088,0.0009398488489745471,0.001,-0.24911412758366708
A1,5,81.0632944,0.4,100.0,107.87371959152736,122.75510204082,0.0013070759588745,0.001726851527339394,0.001,-0.4197755684648941
A1,5,81.0632944,0.4,100.0,107.87371959152736,123.0612244898,0.0039404324372247,0.003909405701902718,0.001,0.031026735321982093
A1,5,81.0632944,0.4,100.0,107.87371959152736,123.36734693878,0.010047210842464,0.010023799079997446,0.001,0.023411762466554395
A1,5,81.0632944,0.4,100.0,107.87371959152736,123.67346938776,0.025499679553016,0.02477542758082166,0.001,0.7242519721943376
A1,5,81.0632944,0.4,100.0,107.87371959152736,123.97959183673,0.054384458704142,0.05264568718528934,0.001,1.7387715188526554
A1,5,81.0632944,0.4,100.0,107.87371959152736,124.28571428571,0.092254748920403,0.09349965728916786,0.001,-1.2449083687648548
A1,5,81.0632944,0.4,100.0,107.87371959152736,124.59183673469,0.14257061617866,0.14214656139347667,0.001,0.4240547851833143
A1,5,81.0632944,0.4,100.0,107.87371959152736,124.89795918367,0.19270243935982,0.1921347231340176,0.001,0.5677162258024004
A1,5,81.0632944,0.4,100.0,107.87371959152736,125.20408163265,0.2390593046,0.23884203723435485,0.001,0.21726736564514626
A1,5,81.0632944,0.4,100.0,107.87371959152736,125.51020408163,0.28061901088532,0.28006286873601643,0.001,0.5561421493035512
A1,5,81.0632944,0.4,100.0,107.87371959152736,125.81632653061,0.31417780621467,0.31530416331556715,0.001,-1.1263571008971462
A1,5,81.0632944,0.4,100.0,107.87371959152736,126.12244897959,0.34408816051931,0.34496374299624966,0.001,-0.8755824769396403
A1,5,81.0632944,0.4,100.0,107.87371959152736,126.42857142857,0.37061587159494,0.3697809159790878,0.001,0.8349556158522287
A1,5,81.0632944,0.4,100.0,107.87371959152736,126.73469387755,0.3900310730395,0.39054882438983457,0.001,-0.5177513503345499
A1,5,81.0632944,0.4,100.0,107.87371959152736,127.04081632653,0.40966866302287,0.4079904450451808,0.001,1.6782179776892447
A1,5,81.0632944,0.4,100.0,107.87371959152736,127.34693877551,0.42206409243928,0.4227191385411328,0.001,-0.6550461018527964
A1,5,81.0632944,0.4,100.0,107.87371959152736,127.65306122449,0.43421093564564,0.4352372800467167,0.001,-1.0263444010766842
A1,5,81.0632944,0.4,100.0,107.87371959152736,127.95918367347,0.44679231713864,0.4459493909076714,0.001,0.8429262309685992
A1,5,81.0632944,0.4,100.0,107.87371959152736,128.26530612245,0.45573802645267,0.455178909336706,0.001,0.5591171159639585
A1,5,81.0632944,0.4,100.0,107.87371959152736,128.57142857143,0.46364764872058,0.46318411003101695,0.001,0.4635386895630589
A1,5,81.0632944,0.4,100.0,107.87371959152736,128.87755102041,0.46999787666659,0.4701716694089658,0.001,-0.17379274237583342
A1,5,81.0632944,0.4,100.0,107.87371959152736,129.18367346939,0.47592460230379,0.4763076619563886,0.001,-0.3830596525985497
A1,5,81.0632944,0.4,100.0,107.87371959152736,129.48979591837,0.48178531555519,0.48172625439952776,0.001,0.059061155662232245
A1,5,81.0632944,0.4,100.0,107.87371959152736,129.79591836735,0.48824512223865,0.4865364931222718,0.001,1.708629116378202
A1,5,81.0632944,0.4,100.0,107.87371959152736,130.10204081633,0.490694794406,0.49082757236729746,0.001,-0.1327779612974589
A1,5,81.0632944,0.4,100.0,107.87371959152736,130.40816326531,0.49459148878262,0.49467291792706014,0.001,-0.08142914444014826
A1,5,81.0632944,0.4,100.0,107.87371959152736,130.71428571429,0.49861335109392,0.49813335846488005,0.001,0.4799926290399714
A1,5,81.0632944,0.4,100.0,107.87371959152736,131.02040816327,0.50138608422428,0.5012595977403672,0.001,0.12648648391277995
A1,5,81.0632944,0.4,100.0,107.87371959152736,131.32653061224,0.50489245900595,0.5040941510109682,0.001,0.7983079949818173
A1,5,81.0632944,0.4,100.0,107.87371959152736,131.63265306122,0.50557397912447,0.5066728692175392,0.001,-1.0988900930691825
A1,5,81.0632944,0.4,100.0,107.87371959152736,131.9387755102,0.50832471531663,0.5090261444285814,0.001,-0.7014291119513683
A1,5,81.0632944,0.4,100.0,107.87371959152736,132.24489795918,0.51221708686002,0.5111798675491537,0.001,1.0372193108663108
A1,5,81.0632944,0.4,100.0,107.87371959152736,132.55102040816,0.51356836137375,0.513156192444939,0.001,0.4121689288109076
A1,5,81.0632944,0.4,100.0,107.87371959152736,132.85714285714,0.51513077503654,0.5149741477349444,0.001,0.15662730159560212
A1,5,81.0632944,0.4,100.0,107.87371959152736,133.16326530612,0.51608284340575,0.5166501274056124,0.001,-0.5672839998625001
A1,5,81.0632944,0.4,100.0,107.87371959152736,133.4693877551,0.51871420969817,0.5181982832990923,0.001,0.5159263990776042
A1,5,81.0632944,0.4,100.0,107.87371959152736,133.77551020408,0.5190578679157,0.5196308358307994,0.001,-0.5729679150994205
A1,5,81.0632944,0.4,100.0,107.87371959152736,134.08163265306,0.52032938132345,0.5209583133547154,0.001,-0.6289320312654612
A1,5,81.0632944,0.4,100.0,107.87371959152736,134.38775510204,0.52103943197986,0.5221897245683166,0.001,-1.1502925884565585
A1,5,81.0632944,0.4,100.0,107.87371959152736,134.69387755102,0.52557285050178,0.5233326609449315,0.001,2.240189556848571
A1,5,81.0632944,0.4,100.0,107.87371959152736,135.0,0.52626033551339,0.5243933150965161,0.001,1.8670204168739213
