variant,parameter,value,local_SE,reduced_chi2,aicc
fixed_H_shared_N,kab,14.977810615465604,0.06511462664730353,1.0370243526609944,549.311219022137
fixed_H_shared_N,kba,283.9458339331661,0.914929086196246,1.0370243526609944,549.311219022137
fixed_H_shared_N,v1n_scale,1.078634535154156,0.002535222788783339,1.0370243526609944,549.311219022137
fixed_H_shared_N,A1.peak_ppm,119.99737258667872,0.0011341725623111212,1.0370243526609944,549.311219022137
fixed_H_shared_N,A1.dw_ppm,3.0031948341105363,0.0014655937746496453,1.0370243526609944,549.311219022137
fixed_H_shared_N,A1.R1,1.4999873492735398,0.00031823254220733724,1.0370243526609944,549.311219022137
fixed_H_shared_N,A1.R2a,11.987160527186415,0.06352249281707913,1.0370243526609944,549.311219022137
fixed_H_shared_N,A1.R2b,15.674632354445727,0.35125428826795946,1.0370243526609944,549.311219022137
fixed_H_shared_N,kex,298.9236445486317,0.9401300652321796,1.0370243526609944,549.311219022137
fixed_H_shared_N,pB,0.05010580758200568,0.0002090241117874794,1.0370243526609944,549.311219022137
auto_H_unbounded,kab,14.973285833197718,0.06763507594206539,1.0440427799824186,557.0747843922122
auto_H_unbounded,kba,283.9456091372143,0.984516279883425,1.0440427799824186,557.0747843922122
auto_H_unbounded,v1n_scale,1.0787212576239533,0.002536704083304033,1.0440427799824186,557.0747843922122
auto_H_unbounded,A1.peak_ppm,119.99757453992792,0.001289854521008614,1.0440427799824186,557.0747843922122
auto_H_unbounded,A1.dw_ppm,3.0031484853835355,0.0015576413011922253,1.0440427799824186,557.0747843922122
auto_H_unbounded,A1.R1,1.499970039632029,0.0003500306953913547,1.0440427799824186,557.0747843922122
auto_H_unbounded,A1.R2a,11.975636912083408,0.07050585337429374,1.0440427799824186,557.0747843922122
auto_H_unbounded,A1.R2b,15.649210659540925,0.3594649088149045,1.0440427799824186,557.0747843922122
auto_H_unbounded,A1.R1H[0],1.7596695078452627e-10,870.393505904632,1.0440427799824186,557.0747843922122
auto_H_unbounded,A1.R2H[0],68.73036268087615,333.345914592153,1.0440427799824186,557.0747843922122
auto_H_unbounded,A1.R1H[1],6.894303175145469e-08,446.2211976879081,1.0440427799824186,557.0747843922122
auto_H_unbounded,A1.R2H[1],37.01814000106024,222.98879102906966,1.0440427799824186,557.0747843922122
auto_H_unbounded,kex,298.91889497041205,1.0145860004850802,1.0440427799824186,557.0747843922122
auto_H_unbounded,pB,0.05009146656547028,0.00020937766793465272,1.0440427799824186,557.0747843922122
auto_H_shared_N,kab,14.973288241886141,0.06761466917093888,1.0440427803723347,557.0747845910695
auto_H_shared_N,kba,283.94565244903066,0.9844403792959463,1.0440427803723347,557.0747845910695
auto_H_shared_N,v1n_scale,1.0787212650613063,0.002536560425475509,1.0440427803723347,557.0747845910695
auto_H_shared_N,A1.peak_ppm,119.99757443265054,0.00128931168226621,1.0440427803723347,557.0747845910695
auto_H_shared_N,A1.dw_ppm,3.0031485473726067,0.0015578944032895686,1.0440427803723347,557.0747845910695
auto_H_shared_N,A1.R1,1.4999700518920478,0.00034977045823083143,1.0440427803723347,557.0747845910695
auto_H_shared_N,A1.R2a,11.97563804402982,0.0704535952894153,1.0440427803723347,557.0747845910695
auto_H_shared_N,A1.R2b,15.649210550602042,0.35959746165339357,1.0440427803723347,557.0747845910695
auto_H_shared_N,A1.R1H[0],2.7030725794807322e-08,865.326515268811,1.0440427803723347,557.0747845910695
auto_H_shared_N,A1.R2H[0],68.71933646886181,331.56119446745083,1.0440427803723347,557.0747845910695
auto_H_shared_N,A1.R1H[1],1.8799782724114967e-08,444.1957041824579,1.0440427803723347,557.0747845910695
auto_H_shared_N,A1.R2H[1],37.01556378259862,221.9963909921276,1.0440427803723347,557.0747845910695
auto_H_shared_N,kex,298.9189406909168,1.0144856510888351,1.0440427803723347,557.0747845910695
auto_H_shared_N,pB,0.05009146696183622,0.00020936643385000066,1.0440427803723347,557.0747845910695
auto_H_per_field_N,kab,14.97200668733864,0.0680647464685433,1.0470219335858535,561.7887369288183
auto_H_per_field_N,kba,283.94117262877023,0.9926125458292919,1.0470219335858535,561.7887369288183
auto_H_per_field_N,v1n_scale,1.0787371959152736,0.002579864092661929,1.0470219335858535,561.7887369288183
auto_H_per_field_N,A1.peak_ppm,119.99763968118734,0.001312443371530961,1.0470219335858535,561.7887369288183
auto_H_per_field_N,A1.dw_ppm,3.0031278255903544,0.0015811003288943085,1.0470219335858535,561.7887369288183
auto_H_per_field_N,A1.R1[0],1.5003373178974038,0.0005253783298553654,1.0470219335858535,561.7887369288183
auto_H_per_field_N,A1.R2a[0],11.995744717040838,1.0762637285616918,1.0470219335858535,561.7887369288183
auto_H_per_field_N,A1.R2b[0],15.677629310964198,1.1767854440531604,1.0470219335858535,561.7887369288183
auto_H_per_field_N,A1.R1[1],1.4997760981819037,0.00044690822738422244,1.0470219335858535,561.7887369288183
auto_H_per_field_N,A1.R2a[1],11.974978643056545,0.07410982106020021,1.0470219335858535,561.7887369288183
auto_H_per_field_N,A1.R2b[1],15.638285623046949,0.4413640634913353,1.0470219335858535,561.7887369288183
auto_H_per_field_N,A1.R1H[0],1.0697853803320013e-10,8899.87683902349,1.0470219335858535,561.7887369288183
auto_H_per_field_N,A1.R2H[0],2.2872873005680464e-13,5707.679844846262,1.0470219335858535,561.7887369288183
auto_H_per_field_N,A1.R1H[1],2.3292407874627873e-08,472.86706819632644,1.0470219335858535,561.7887369288183
auto_H_per_field_N,A1.R2H[1],40.9591512259893,237.6475159137799,1.0470219335858535,561.7887369288183
auto_H_per_field_N,kex,298.9131793161089,1.0221000103864137,1.0470219335858535,561.7887369288183
auto_H_per_field_N,pB,0.050088145064709017,0.0002127987848220507,1.0470219335858535,561.7887369288183
