id,arm,kind,draw,success,chi2,dof,kex,pB,kab,kba,v1n_scale,A1.peak_ppm,A1.dw_ppm,A1.R1,A1.R2a,A1.R2b,G2.peak_ppm,G2.dw_ppm,G2.R1,G2.R2a,G2.R2b,S3.peak_ppm,S3.dw_ppm,S3.R1,S3.R2a,S3.R2b,A1.R1H,A1.R2H,G2.R1H,G2.R2H,S3.R1H,S3.R2H
baseline_exact,baseline,exact,-1,True,2.464500722792013e-16,1305,299.9999999998876,0.05000000000012065,15.000000000030576,284.99999999985704,1.079999999999131,120.00000000000013,3.0000000000006635,1.499999999999808,11.999999999995845,15.000000000171367,118.49999999999787,2.200000000000006,1.3000000000001564,9.999999999977339,20.000000000410207,121.50000000000122,-2.4999999999997478,1.699999999999984,16.000000000012037,25.000000000202878,2.0,25.0,1.2,18.0,3.0,35.0
baseline_noisy,baseline,noisy,-1,True,1236.04217975023,1305,299.5529361113587,0.0499391214398975,14.959410454143,284.5935256572157,1.0808629722323464,119.9999851904061,3.0015325703302618,1.5001377586233504,11.96657996040519,15.043184391942336,118.49991162426554,2.2007003645870076,1.2999740715801356,9.994427609124786,19.549443418937706,121.49968146945497,-2.502167682692721,1.700115806806877,16.036858717779538,24.525183718172098,2.0,25.0,1.2,18.0,3.0,35.0
broad_R1H_00,broad_R1H,noisy,0,True,1232.9371549909365,1305,299.55408391518915,0.049942364801225284,14.960439336589229,284.59364457859994,1.0808277998837783,119.99998169462731,3.001534942290157,1.5001410190887376,11.96776709535747,15.040039691181377,118.49993694616298,2.20067598818028,1.29996170227565,9.99506871200617,19.549844773148546,121.49979647672791,-2.502248204514838,1.700131860191192,16.035702684989293,24.541085456347457,1.8390178123841476,25.0,2.0532787469891285,18.0,1.848338510625374,35.0
broad_R1H_01,broad_R1H,noisy,1,True,1235.7286914262104,1305,299.50118857499587,0.049962215346016955,14.963742879971976,284.5374456950239,1.0805734038103725,120.00002940893302,3.0014160524965607,1.500113272833483,11.969542706294499,15.094849015568913,118.49992275536496,2.2006615818327226,1.2999809026411258,10.001217979022115,19.561806049513063,121.49978865815059,-2.502215974249483,1.7001356426094532,16.04442104867033,24.558359132703796,3.835221283955044,25.0,0.8462873740395102,18.0,1.6305361177901565,35.0
broad_R1H_02,broad_R1H,noisy,2,True,1238.271022725374,1305,299.5654971099543,0.04993509795308838,14.958832441551182,284.60666466840314,1.080913433089654,119.99997842203015,3.0015514383586375,1.500141627811694,11.965867010249081,15.033759734418261,118.49989329312221,2.200718922559703,1.2999831590812854,9.993260415425933,19.545804599626205,121.49965620271254,-2.502154481207088,1.7001117671960955,16.035617970608104,24.517559679931537,1.7346730350570154,25.0,0.6124626077832709,18.0,3.3050987525768543,35.0
broad_R1H_03,broad_R1H,noisy,3,True,1237.7423426134972,1305,299.52973773341535,0.04994572343098488,14.960229440188598,284.56950829322676,1.080775593534853,120.00000504053055,3.001485106935039,1.5001255975146808,11.966911957028762,15.066458890351315,118.49990601238503,2.2006970835863857,1.2999812549471816,9.996649003646196,19.55452389683385,121.49963688741599,-2.502125927267022,1.7001114249994886,16.040729100130665,24.526847645765745,2.8305651159013028,25.0,0.7204242122464012,18.0,3.3285916963575515,35.0
broad_R1H_04,broad_R1H,noisy,4,True,1242.6938719609043,1305,299.57443863817696,0.04991861173009579,14.954340086640562,284.6200985515364,1.0811089339084694,119.99996655341195,3.001597483850351,1.5001457368424393,11.962613688440001,15.020214192958296,118.49988711774441,2.200749077309743,1.2999763011563399,9.989112099424094,19.543416736954445,121.49939954116043,-2.501986626245344,1.7000738578433985,16.034458690276562,24.477027306788507,1.2109836958709859,25.0,0.8611402862435381,18.0,5.988944146878341,35.0
broad_R1H_05,broad_R1H,noisy,5,True,1233.2763664212325,1305,299.4897417652374,0.04995930548235694,14.96229949768169,284.5274422675557,1.080603364618859,120.0000295975512,3.001419948882959,1.5001121926138343,11.969234143383822,15.098169047504182,118.49996034747352,2.2006403761456563,1.2999574884557163,10.000740715904183,19.565235656324333,121.49970435524939,-2.5021576129357173,1.7001229955115464,16.045295926635365,24.54971880933321,3.7885230459940336,25.0,2.2665451232100065,18.0,2.47080103071988,35.0
broad_R1H_06,broad_R1H,noisy,6,True,1236.2745588933276,1305,299.5100760009218,0.04995869664218447,14.963133028207666,284.54694297271413,1.0806175253931005,120.00002281032343,3.001433327628443,1.5001168334037343,11.969025063656868,15.086955388038184,118.49991593982494,2.200671179545007,1.2999830734988278,10.000189901755151,19.55946992697366,121.49976994514599,-2.5022068730519638,1.7001323610669756,16.04329855307812,24.552717554219488,3.56995455476811,25.0,0.6967182921111676,18.0,1.8635347988470543,35.0
broad_R1H_07,broad_R1H,noisy,7,True,1234.476248132171,1305,299.5622623244217,0.0499339288904093,14.958320705157808,284.6039416192639,1.0809277971005113,119.9999733660027,3.0015631638512974,1.5001447982911316,11.966287891286939,15.030326956363293,118.49993253193888,2.200692260011501,1.2999593105913243,9.99291485903503,19.547693356919993,121.49967236615937,-2.5021679634139264,1.7001131399990752,16.034919540205394,24.520457832612518,1.4760873996839512,25.0,2.1237215274896064,18.0,3.158969799281719,35.0
broad_R1H_08,broad_R1H,noisy,8,True,1234.4026527907304,1305,299.5250267374842,0.04995221523658702,14.961938604335295,284.56308813314894,1.0807003177616332,120.00000738947077,3.001471559376039,1.5001256117754913,11.968481757683234,15.069981350687732,118.49992658094071,2.20067164878194,1.2999727876023268,9.998188127840217,19.55641452748906,121.4997695210928,-2.502215122236913,1.700130591705258,16.040551896244438,24.54729310072135,2.9198478991001453,25.0,1.340309818755957,18.0,1.9611658832244174,35.0
broad_R1H_09,broad_R1H,noisy,9,True,1238.6461627779317,1305,299.54075217343694,0.049935864400306736,14.957826382898633,284.5829257905383,1.0808951002745257,119.99999290800652,3.001522055714377,1.5001314018557534,11.965304716832458,15.052864150559376,118.49990684364101,2.2007109914453387,1.2999745405773004,9.993998100353974,19.551988997044575,121.4995278309739,-2.502058417538387,1.7000944979814663,16.039011565933354,24.50713096399404,2.310879764447119,25.0,1.065411533384217,18.0,4.511691356480508,35.0
broad_R1H_10,broad_R1H,noisy,10,True,1233.9399945806092,1305,299.49994126974815,0.04996099511830909,14.963315103711746,284.5366261660364,1.0805882004367418,120.00002662907282,3.0014229370709793,1.5001147250845068,11.969570438263155,15.092960245371968,118.49993931620578,2.2006514160770902,1.299970258235083,10.000882457711267,19.5626107116747,121.4997848018421,-2.5022146737367037,1.7001345714952711,16.044060203566175,24.557977847296982,3.700988297771492,25.0,1.5124986036328347,18.0,1.6815743355122739,35.0
broad_R1H_11,broad_R1H,noisy,11,True,1235.3663536364147,1305,299.5456211378837,0.04994833493774713,14.96180501373052,284.5838161241532,1.0807534534404155,119.99999453306638,3.0015015979573834,1.5001336728097112,11.9681563955219,15.053388921726926,118.4999103229579,2.200687117348576,1.2999805729242158,9.996798253990756,19.551104463485874,121.49981189363785,-2.502251459702154,1.700135734779806,16.03780849862565,24.546584643472187,2.4079994578758304,25.0,0.8780702595044605,18.0,1.61886250813535,35.0
broad_R1H_12,broad_R1H,noisy,12,True,1236.28389435925,1305,299.54577905896167,0.049948304751783065,14.961803859547295,284.5839751994144,1.0807531007413913,119.99999566249745,3.001499488541961,1.5001328749871892,11.968019056060033,15.054341924611759,118.49990389028014,2.2006920099755005,1.2999846691266606,9.996839355337572,19.550782127475724,121.499799073796,-2.5022423168171586,1.7001340830257872,16.038066120637186,24.544760393822216,2.463572001361338,25.0,0.6118424905080412,18.0,1.7418527698543063,35.0
broad_R1H_13,broad_R1H,noisy,13,True,1237.0108961473109,1305,299.49303196629256,0.04995324950368958,14.960650150428693,284.53238181586386,1.0806737965412994,120.00002952096949,3.0014282755554307,1.5001106807345694,11.967524089672349,15.096838063645643,118.49993046110272,2.200671817967217,1.2999703438933154,9.999278936068942,19.56383849972553,121.499568400794,-2.5020651089245423,1.7001036115109467,16.045700524901594,24.529220256580636,3.8035133080805035,25.0,1.3629690745385876,18.0,3.863173916273266,35.0
broad_R1H_14,broad_R1H,noisy,14,True,1236.38415345751,1305,299.5670007065893,0.049932080250677635,14.95800351973622,284.60899718685306,1.080950501520526,119.99997274806513,3.0015667910477717,1.5001448062622476,11.96568426524304,15.028352853243865,118.49991171419391,2.2007099440438287,1.299969940703717,9.992398085779937,19.546151838843283,121.49964037078895,-2.50214674669658,1.7001086445203535,16.03476751840909,24.51442218643411,1.4703492822586228,25.0,1.4321684478833832,18.0,3.4961340157321836,35.0
broad_R1H_15,broad_R1H,noisy,15,True,1236.8091363280648,1305,299.5686206392201,0.04993581794915924,14.959204103520841,284.60941653569927,1.0809072958886827,119.99997524588805,3.0015566351264455,1.5001440603709066,11.966293180247225,15.030210549148045,118.49990053724078,2.2007118217196293,1.2999790991369178,9.993292100502067,19.54543712307891,121.4997066466832,-2.50219076540303,1.7001186274608944,16.034789567115144,24.523620741496046,1.5979693902046062,25.0,0.9006606523787575,18.0,2.811489638593411,35.0
broad_R2H_00,broad_R2H,noisy,0,True,1435.3297315744321,1305,298.73544674184734,0.05021940688002577,15.0023169494151,283.73312979243224,1.0774109529180516,120.00080406021672,2.999750776719682,1.4998793483794262,11.980069122800552,15.80333018968978,118.5000720302941,2.2002053900166136,1.3000254053895353,10.078254144438343,19.739004454882078,121.50140441366788,-2.503054591643654,1.7004303199546862,16.12383180257096,25.018288003257595,2.0,39.477738709376794,1.2,16.43141869870461,3.0,24.67206975108339
broad_R2H_01,broad_R2H,noisy,1,True,1327.2339941582645,1305,299.30851736359125,0.05004686925793313,14.979454236281459,284.3290631273098,1.079663992323978,120.00020219795316,3.000924246443222,1.500051484255358,11.969508792877983,15.287042263247558,118.49999772517579,2.2004527854568647,1.2999765975776985,10.02166553221963,19.60465303424542,121.50195703670654,-2.503687008050705,1.700489771563405,16.036139941074968,24.893972319093905,2.0,29.403430036965894,1.2,18.102083627764795,3.0,23.00313983791703
broad_R2H_02,broad_R2H,noisy,2,True,1434.8648082296481,1305,299.37212276518846,0.050033533821726435,14.978645229654095,284.3934775355344,1.0798439840100091,120.0001345073133,3.0010694524557184,1.500079584597416,11.971939978998773,15.217799996704452,118.50038585866808,2.200178451387907,1.29983202342364,10.019491683808202,19.57161153334221,121.50267081079032,-2.5042346138261133,1.700647135801395,16.01951655976294,24.948632821388752,2.0,28.108573200360095,1.2,22.709530290671317,3.0,18.454293151115767
broad_R2H_03,broad_R2H,noisy,3,True,1676.6585802335194,1305,300.48709656493475,0.049531751347591364,14.883652150214024,285.60344441472074,1.0858809038420618,119.9995149666024,3.003484473667738,1.50037143363464,11.921845025454678,14.12716683918132,118.49955054985558,2.2015429372232407,1.2999654047645444,9.87908564279534,19.32198371171552,121.4962086492585,-2.500144285892352,1.6996504182572985,15.937838924869743,23.70656290963678,2.0,14.710690359482856,1.2,17.53288633933033,3.0,54.30735740538176
broad_R2H_04,broad_R2H,noisy,4,True,1719.8346381103304,1305,300.4799211540962,0.049854165904516815,14.980175840192443,285.49974531390376,1.081908032407695,119.99954109937246,3.002983331453705,1.5004355296355905,12.008382645622868,14.214511817281524,118.50125375476486,2.1998127587832386,1.2996340062119331,9.97676270738094,19.223549034625297,121.50266463747826,-2.5045542548508903,1.7006310689153679,15.941548976803679,24.639062484474294,2.0,15.218066330301442,1.2,30.423737426773336,3.0,20.18174501312099
broad_R2H_05,broad_R2H,noisy,5,True,1558.2271247294702,1305,300.3732476098092,0.04983356307498702,14.96866918080212,285.4045784290071,1.082335428194396,119.99957643813376,3.002810812814531,1.5003917258196888,11.986787403767641,14.301549106159115,118.50042507333181,2.2004072823899743,1.2997902545633142,9.956533719802856,19.325521482185586,121.50285851774676,-2.5046787987059433,1.700657050800076,15.925951648554548,24.67188288461867,2.0,16.363321497079536,1.2,24.90511411942418,3.0,19.071229873119517
broad_R2H_06,broad_R2H,noisy,6,True,1990.579521352319,1305,299.7426194327979,0.04932961827598979,14.7861889976652,284.9564304351327,1.0885922116234161,119.99978574402334,3.0027355383509566,1.5000795979864576,11.809219105621384,14.71113455992175,118.4993712353767,2.2019373627501424,1.299904830213255,9.833587248229032,19.453058766702803,121.49391976468085,-2.4986084170739242,1.6993252821676228,15.907199881667363,23.51613988467704,2.0,21.435901826968053,1.2,16.243453431888174,3.0,69.60100577826066
broad_R2H_07,broad_R2H,noisy,7,True,1364.0214852082936,1305,299.28344563283446,0.050077247391339196,14.987291147087864,284.29615448574657,1.0792551398041048,120.00026857631036,3.0007725523478634,1.5000333763527292,11.972487795356873,15.344499103168724,118.49989805671245,2.2004958263602328,1.3000706378725113,10.032474363645967,19.59991282803796,121.50184685351616,-2.50357270501773,1.700481397616928,16.05113976750878,24.894873797477835,2.0,30.6494342388468,1.2,15.256559645623723,3.0,23.402212054362604
broad_R2H_08,broad_R2H,noisy,8,True,1501.3323664171432,1305,298.43505924749326,0.050180913881496876,14.975744007317877,283.4593152401754,1.077670645996239,120.001092902662,2.99942138707616,1.4997880201127711,11.961749516939271,16.01737077469384,118.50004761965315,2.2003426871160983,1.3000157435086686,10.07904963593772,19.80476100659601,121.49801967396849,-2.500596968409773,1.6999491480105158,16.182972179638295,24.654928579494896,2.0,43.67881768596865,1.2,15.767607651464882,3.0,40.670669706174664
broad_R2H_09,broad_R2H,noisy,9,True,1860.172727224903,1305,300.71913270903906,0.04947821346714495,14.879045441832526,285.8400872672065,1.0865143047038752,119.99946102980496,3.003787533730942,1.500408907213471,11.916607799238804,13.959460356326865,118.4994402967456,2.2017085283943616,1.3000853218109525,9.867823360880644,19.234875423805658,121.495768044145,-2.499902029335345,1.6996067094888059,15.924216337299956,23.572082280580524,2.0,13.548617753300917,1.2,13.88385343883813,3.0,57.12396821995002
broad_R2H_10,broad_R2H,noisy,10,True,1676.6002579645778,1305,300.27301684335004,0.04970363930180491,14.92466172124666,285.3483551221034,1.0835715205400613,119.99967050640487,3.0027227320715006,1.5002999004083843,11.944100328645607,14.47670964860555,118.4997221637163,2.2012278932178444,1.3002008325228134,9.943238192025296,19.28740618562636,121.49664262469331,-2.5002720365098647,1.6997474979600218,16.003502616655357,23.87273732217239,2.0,18.39081147809942,1.2,10.581267479129192,3.0,50.78969155694205
broad_R2H_11,broad_R2H,noisy,11,True,1505.596962739637,1305,298.6806466832415,0.049997239146190774,14.933207720560937,283.7474389626806,1.0798907354701397,120.00062553546553,3.0003160131383577,1.4998627527174504,11.941784518245274,15.734151102702198,118.50057794078761,2.200213815169431,1.2997315972217236,10.032821014674044,19.718302410807972,121.49657064243598,-2.49976268367975,1.6997491999363985,16.138924397828077,24.351315885796087,2.0,36.180157586610704,1.2,24.04012329219903,3.0,48.684120027430964
broad_R2H_12,broad_R2H,noisy,12,True,1719.0099853707252,1305,300.62571810158437,0.04982433662270567,14.97847697613596,285.64724112544843,1.0823755541642026,119.99949260178936,3.0031871956821954,1.5004646477373977,12.004203538452375,14.083663313375963,118.50075771638295,2.2001906903771915,1.2997271177061598,9.957490756589165,19.23906227785354,121.50299860554311,-2.5048248436069085,1.7007087606160993,15.920215424685795,24.62052136946353,2.0,14.278732516743457,1.2,27.463746626189458,3.0,18.077849246326657
broad_R2H_13,broad_R2H,noisy,13,True,1328.2153863398198,1305,299.3249762894809,0.05007233153104439,14.987899448288887,284.337076841192,1.0792211052577703,120.00023964717624,3.000850954375839,1.5000486580458232,11.97730601490699,15.319727025611146,118.49988151281123,2.200542090995685,1.3001110002697853,10.035064550283424,19.58084659718595,121.50085766691316,-2.5028647217449724,1.7003177058564483,16.06905506269785,24.766719768628434,2.0,29.996540135365237,1.2,14.00993574215131,3.0,28.575003551421922
broad_R2H_14,broad_R2H,noisy,14,True,1358.0706585850608,1305,299.9707037025679,0.0499085107745901,14.971091097800983,284.9996126047669,1.081188913886957,119.99981250503664,3.002013689520961,1.5002462188324888,11.977014740676807,14.75562348675856,118.49976553827209,2.2008627114868258,1.3001674020408867,9.98909438375401,19.4079061815748,121.49980076774166,-2.502330384952293,1.70014752485203,16.01944252800208,24.427532294101116,2.0,21.562205005257393,1.2,12.518105502327511,3.0,34.72265078146218
broad_R2H_15,broad_R2H,noisy,15,True,1612.4258957274144,1305,298.4931773264671,0.04996514764179864,14.914255675186512,283.5789216512806,1.0803199425949856,120.00082616410613,3.0000455767418353,1.4997850176181005,11.917761127846427,15.873629464685099,118.50028935476757,2.2004667067890145,1.2997850187892532,10.023213458982807,19.776946715703243,121.4957972989356,-2.499202164715785,1.6996525135147784,16.142576601920393,24.281973016054746,2.0,39.57918635141653,1.2,21.680122836821106,3.0,52.789432962500946
broad_both_00,broad_both,noisy,0,True,1436.7436222601207,1305,298.73457546467426,0.0502184250989276,15.001979902432678,283.7325955622416,1.0774325509440006,120.0007987918932,2.9997570151854727,1.4998804471057012,11.97977029185368,15.80084898644923,118.50008766311505,2.2001926661738627,1.300012147777028,10.077528363810833,19.740685588155845,121.50150592458306,-2.5031288213713117,1.7004479735000269,16.12138734623828,25.03008503763893,1.8390178123841476,39.477738709376794,2.0532787469891285,16.43141869870461,1.848338510625374,24.67206975108339
broad_both_01,broad_both,noisy,1,True,1345.2848610359401,1305,299.26620181084195,0.05006502338020236,14.98276939056416,284.2834324202778,1.0794362434637341,120.00025019611263,3.0008217013930585,1.5000296136093094,11.971521538567798,15.329434797306167,118.50000425469784,2.200424301677221,1.2999829785777441,10.027051626748921,19.61474215635631,121.5020415759882,-2.503724727491234,1.700512698678102,16.042440096721013,24.91815188589279,3.835221283955044,29.403430036965894,0.8462873740395102,18.102083627764795,1.6305361177901565,23.00313983791703
broad_both_02,broad_both,noisy,2,True,1427.5150851645135,1305,299.38087470966593,0.05002952442841327,14.977882784686964,284.40299192497895,1.0798993655293052,120.00012718049405,3.001086511630494,1.500082777556284,11.971054710129852,15.209654082395067,118.50035126419377,2.200207573664467,1.2998407871114923,10.01782073932244,19.57167267629746,121.50265804274993,-2.50422954913578,1.7006418196589974,16.017779244575173,24.944213281297593,1.7346730350570154,28.108573200360095,0.6124626077832709,22.709530290671317,3.3050987525768543,18.454293151115767
broad_both_03,broad_both,noisy,3,True,1666.8003545701017,1305,300.4456449895731,0.049533106294885054,14.882006069103824,285.56363892046926,1.0858687577236186,119.99952974307604,3.0034221538789168,1.500353618411471,11.919186770780312,14.165493182647225,118.49954386112081,2.2015452660021912,1.2999701338111387,9.87996882948653,19.32968782548006,121.49617493380421,-2.5001140123600925,1.6996450195815112,15.939367402128969,23.712647020513025,2.8305651159013028,14.710690359482856,0.7204242122464012,17.53288633933033,3.3285916963575515,54.30735740538176
broad_both_04,broad_both,noisy,4,True,1700.803595405487,1305,300.51217373115225,0.0498505269275374,14.980690208637602,285.53148352251463,1.0819368574599233,119.99952794005941,3.0030448385029938,1.5004509838593496,12.01071954418955,14.181807507946669,118.50122504835846,2.1998429058019284,1.2996404560913501,9.975440906208425,19.22004258372652,121.50245860229207,-2.5044130123994592,1.700583201691918,15.943356297642678,24.60906594493764,1.2109836958709859,15.218066330301442,0.8611402862435381,30.423737426773336,5.988944146878341,20.18174501312099
broad_both_05,broad_both,noisy,5,True,1550.550264103254,1305,300.2872129583348,0.049849834500824565,14.969267868686853,285.31794508964794,1.0821245942961253,119.9996121845109,3.0026720122595947,1.5003582266986681,11.986342558941642,14.381129793017177,118.50050834390392,2.2003276001122645,1.2997714688194857,9.963044250788947,19.33866908194095,121.50286718221089,-2.5046616258679966,1.7006630981548794,15.933611195558509,24.698302977066575,3.7885230459940336,16.363321497079536,2.2665451232100065,24.90511411942418,2.47080103071988,19.071229873119517
broad_both_06,broad_both,noisy,6,True,1970.0519812639243,1305,299.69085690432627,0.04935866359030838,14.792340187031888,284.8985167172944,1.0882075009055447,119.99982068202888,3.0026168936055586,1.500057381731873,11.814390404753373,14.766623310340231,118.49939150599866,2.2018863088599465,1.2999155800948952,9.84246014407093,19.464775673534742,121.4939583948772,-2.498599959676575,1.6993366265928993,15.918804602938431,23.543319680551683,3.56995455476811,21.435901826968053,0.6967182921111676,16.243453431888174,1.8635347988470543,69.60100577826066
broad_both_07,broad_both,noisy,7,True,1353.3998492895848,1305,299.2868625405277,0.05007015740590387,14.985340316923336,284.30152222360437,1.0793501698587824,120.00025484267081,3.0008018814053523,1.500038207065113,11.971278946524965,15.33447700206347,118.4999013895823,2.200501178962661,1.3000554015245236,10.029924979321994,19.60222354321862,121.50184326190411,-2.503577590643936,1.7004775299675448,16.048155290949516,24.891888501479446,1.4760873996839512,30.6494342388468,2.1237215274896064,15.256559645623723,3.158969799281719,23.402212054362604
broad_both_08,broad_both,noisy,8,True,1504.1501592810841,1305,298.41684071351244,0.05019231331900131,14.978231568759123,283.43860914475334,1.0775295117336354,120.0011234697345,2.999369799831807,1.4997823335779294,11.963910051936212,16.033111320923748,118.50005877167666,2.2003192227933384,1.3000147920221568,10.08221402210453,19.81000191128816,121.49811066043696,-2.500649871772828,1.6999623148645735,16.185842544989903,24.67493664927496,2.9198478991001453,43.67881768596865,1.340309818755957,15.767607651464882,1.9611658832244174,40.670669706174664
broad_both_09,broad_both,noisy,9,True,1873.3496518253269,1305,300.7002810680432,0.049463502172932675,14.87368900601062,285.82659206203255,1.0867082219560409,119.99946567412393,3.0037813404743807,1.5003982403247456,11.910907189411402,13.972247745420075,118.49943168971278,2.2017338867558505,1.3000825969903005,9.864208586831442,19.23631924336097,121.49565637927782,-2.4998346401966725,1.6995897453526871,15.920717796848894,23.55696366446631,2.310879764447119,13.548617753300917,1.065411533384217,13.88385343883813,4.511691356480508,57.12396821995002
broad_both_10,broad_both,noisy,10,True,1642.2769599477583,1305,300.1962893845741,0.04972714057028558,14.927903080904844,285.2683863036692,1.083281594236608,119.99970579858196,3.0025893040052645,1.500271057034195,11.946244433985331,14.545673786277165,118.49972693834587,2.2011917112667057,1.300196128387307,9.949592369435624,19.31018382048348,121.49673264514838,-2.5003043102628055,1.699759994596789,16.011554388174748,23.910890438132828,3.700988297771492,18.39081147809942,1.5124986036328347,10.581267479129192,1.6815743355122739,50.78969155694205
broad_both_11,broad_both,noisy,11,True,1493.8844653511528,1305,298.67529019888997,0.050011254042022966,14.937125814211619,283.7381643846783,1.079716036282821,120.0006383455631,3.0002815139635866,1.4998619659966599,11.945226549484973,15.742642601466645,118.50057263845926,2.2001982852762,1.2997393583759356,10.03636639631408,19.721796249050506,121.49668539590262,-2.4998309249558384,1.69976523210411,16.142158542224635,24.372159048196586,2.4079994578758304,36.180157586610704,0.8780702595044605,24.04012329219903,1.61886250813535,48.684120027430964
broad_both_12,broad_both,noisy,12,True,1718.3962391510622,1305,300.60595356818817,0.04982506962424523,14.977712565997605,285.6282410021906,1.0823806430739884,119.99949991216083,3.0031510870024194,1.5004551284199579,12.002196659322289,14.103038339983389,118.50071770313959,2.200215329906669,1.2997346058843593,9.956942314714412,19.247204646419476,121.50306590801455,-2.504868601387582,1.7007287460820322,15.919504250799584,24.63022926345115,2.463572001361338,14.278732516743457,0.6118424905080412,27.463746626189458,1.7418527698543063,18.077849246326657
broad_both_13,broad_both,noisy,13,True,1330.6624222963605,1305,299.27267979967166,0.05008739157865134,14.989787901918493,284.2828918977532,1.0790197514070183,120.00028912566533,3.0007529033847877,1.5000259697107503,11.979151439185936,15.365338497397445,118.4998948633134,2.2005166265543403,1.300108096565069,10.03995237822092,19.594860819589414,121.50075075569096,-2.502766708746541,1.7003046553416552,16.07802239417605,24.770448019209482,3.8035133080805035,29.996540135365237,1.3629690745385876,14.00993574215131,3.863173916273266,28.575003551421922
broad_both_14,broad_both,noisy,14,True,1357.422129420475,1305,299.9859143765961,0.049900195142971705,14.969355667534947,285.01655870906114,1.0812952246804315,119.99980092952558,3.002051816912341,1.500253685564094,11.975850976474028,14.738171426231393,118.49975553790519,2.2008805649369165,1.3001633613205925,9.986401392362827,19.405943906112118,121.49976198978166,-2.5023122833650584,1.7001400804475277,16.01669982501945,24.416317407618703,1.4703492822586228,21.562205005257393,1.4321684478833832,12.518105502327511,3.4961340157321836,34.72265078146218
broad_both_15,broad_both,noisy,15,True,1606.0568293484405,1305,298.50403599470474,0.049963867928140955,14.914416230456462,283.58961976424825,1.0803389925086841,120.00081346586065,3.000063689418775,1.4997894233012858,11.917800994843088,15.865540490711222,118.5002735610574,2.200478936276703,1.2997901609525548,10.022503901948708,19.775354277337524,121.49581717160227,-2.499218615128173,1.6996544443269135,16.14143998527476,24.281447442640822,1.5979693902046062,39.57918635141653,0.9006606523787575,21.680122836821106,2.811489638593411,52.789432962500946
exact_check_broad_R2H_06,exact_check,exact,6,True,634.4029223770428,1305,300.19298401002,0.049408345245780264,14.832038594328061,285.3609454156919,1.0874135146959365,119.99980457759307,3.001184007727884,1.4999467646651052,11.849852876984027,14.678520443759103,118.49948104890647,2.201212892204171,1.2999345115795156,9.845828364395617,19.907314155843896,121.49382008258102,-2.496135021019046,1.6991896564359532,15.890665090611584,23.923289010847377,2.0,21.435901826968053,1.2,16.243453431888174,3.0,69.60100577826066
exact_check_broad_R2H_09,exact_check,exact,9,True,522.1806600649544,1305,301.16932864211157,0.04955701462097111,14.925052822905176,286.2442758192064,1.0853624973362848,119.99948448181891,3.0022294937103937,1.5002731828497686,11.956860142244762,13.92395689797627,118.49954916267842,2.200980855288822,1.3001137937106526,9.8794446722899,19.68888670148405,121.49581674684649,-2.497531803838003,1.6994787831547535,15.90320463521064,24.004000127958566,2.0,13.548617753300917,1.2,13.88385343883813,3.0,57.12396821995002
exact_check_broad_both_09,exact_check,exact,9,True,532.770980313719,1305,301.15037313833346,0.04954244326833309,14.919725276443227,286.23064786189025,1.0855529210660018,119.99948898649897,3.0022232509498217,1.500262613258644,11.95122479538448,13.937010408069856,118.49954064078253,2.2010061336578426,1.3001110805639335,9.875898031243633,19.6904502862466,121.49569736535948,-2.4974588852522848,1.6994614454743926,15.900002654699747,23.98767301442666,2.310879764447119,13.548617753300917,1.065411533384217,13.88385343883813,4.511691356480508,57.12396821995002
near_both_00,near_both,noisy,0,True,1279.8795173620952,1305,299.56239850530966,0.049877704170720114,14.941484693319204,284.6209138119905,1.0815483235281311,119.99993887179883,3.0017288895520116,1.500149444111224,11.95867569289342,14.994335274158567,118.5001092249373,2.200661810068303,1.2998607606589976,9.98149373628555,19.54052356948472,121.49842392138513,-2.501319983722571,1.6999456580837544,16.039850499708578,24.341825100697683,1.6392295853093886,24.063575876490674,1.2590216478131258,21.117359148607445,2.504697308692729,41.3084002326717
near_both_01,near_both,noisy,1,True,1262.1803580373355,1305,299.22186554176255,0.05005553970894956,14.977711972411662,284.2441535693509,1.0794358116521938,120.00022180364422,3.0008970619451945,1.5000461365215096,11.977166923312568,15.334124266265697,118.50026571755606,2.2002778336722195,1.2998750721009573,10.029729329957995,19.62014145114875,121.50079657508668,-2.502833162584584,1.7002946879569978,16.06483875359974,24.783395262149924,1.8047324848622714,29.563810584632925,1.4295896799730907,21.059276175793542,2.409694626102464,29.226676010466214
near_both_02,near_both,noisy,2,True,1250.0651897856687,1305,299.7612154950983,0.04991478047000858,14.962515264860768,284.79870023023756,1.081243231737248,119.99985107379113,3.00187354510229,1.5002116198748259,11.972567821682254,14.846346210139002,118.50004533526263,2.200608957919639,1.2999095503858076,9.98345898924052,19.49842941771524,121.50086022573703,-2.5030745678933286,1.7002787873382001,16.00037981359599,24.6179441361638,1.9617029120430256,22.326722651827467,0.9825490812982481,20.43513691220242,3.4651743686297545,29.48180595961336
near_both_03,near_both,noisy,3,True,1239.9147496102946,1305,299.2574048435166,0.050018542413832315,14.968419196818823,284.28898564669777,1.0798472545855746,120.00018572573347,3.001018658042359,1.5000540774198403,11.971501927075847,15.298034018623094,118.50012399923781,2.200446591039001,1.2999099097118207,10.02016997247851,19.617535040827278,121.49978850849253,-2.502138202931129,1.700142904894825,16.070305437721125,24.63593111575832,1.6700241336497204,28.92113783884756,1.3079916731886125,19.845206090048904,3.084384684290662,33.88319482230621
near_both_04,near_both,noisy,4,True,1266.4390328305549,1305,299.3881866069237,0.04992544204268501,14.947087558708532,284.44109904821516,1.0809552713540411,120.0000628564236,3.0013895036644453,1.5000906334660336,11.958702952162275,15.159136806803028,118.50007144304014,2.200626217057683,1.299889153779345,9.995678113036623,19.584604052895333,121.49851058734522,-2.5013149366619323,1.6999625843062207,16.058733781364133,24.409772225382948,1.7203973843904203,26.515749394058613,1.3279356050361046,20.13254436199611,3.288516507500985,40.200593004572454
near_both_05,near_both,noisy,5,True,1308.5816156942005,1305,299.3296152477302,0.0500599072172894,14.98441276668831,284.3452024810419,1.0793852012136487,120.00021981466692,3.0008989125994727,1.500053813835466,11.975301909953004,15.30347508580699,118.4998790314416,2.2005573394577893,1.3000902580895577,10.030609769197964,19.585349413340325,121.50080398244057,-2.502837984072504,1.7003045295239474,16.064771603811145,24.755737655020734,1.7211713393928965,29.7603224326305,1.0535735581986956,14.682743665950918,2.495554672001598,29.16228201459751
near_both_06,near_both,noisy,6,True,1265.756800391746,1305,299.2203808806316,0.050058748053015245,14.978597658830797,284.2417832218008,1.0794119347354076,120.00023126428891,3.0008746512527225,1.5000411963675766,11.976605591929394,15.339273201050915,118.50021854416798,2.2003036613937126,1.2998922033338036,10.029735291677493,19.622847853695312,121.50094295524895,-2.5029348572659673,1.7003177751765857,16.06290672946997,24.80212736378936,2.2545622824499505,29.558395286381824,1.0718919305190324,20.71184848605394,2.6223447828803277,28.394781599479813
near_both_07,near_both,noisy,7,True,1290.0537659751885,1305,299.76092489809594,0.04983645939951366,14.93902316324462,284.82190173485134,1.0820986199091562,119.99984879385019,3.001999434194831,1.5001941230516078,11.954772853949715,14.840636720563875,118.49980385424723,2.200931278076153,1.2999810932414833,9.966388797654286,19.49813905853574,121.49849020440207,-2.501425034459073,1.6999488913892422,16.01888310252386,24.287115499513632,2.148840613353226,22.110401651492744,0.9995061261278013,17.635105671167896,3.4954840141945307,40.86867011118678
near_both_08,near_both,noisy,8,True,1248.7358752834693,1305,299.4728026084597,0.04994040622790679,14.95579341647622,284.51700919198345,1.0807878076016046,120.00000793915667,3.0014931775954605,1.5001239580202357,11.968660599677667,15.08764441529057,118.50019358744684,2.2005081130894255,1.299858448029394,9.998736590712145,19.560789953744656,121.49919526943458,-2.501810575341114,1.7000527389607072,16.049739993785185,24.484186029469893,2.3022269919420286,25.13804038642742,1.391540185849118,21.365750750057057,2.836184447235425,37.22807341935322
near_both_09,near_both,noisy,9,True,1265.768435503655,1305,299.38454580213323,0.05002169422348486,14.975722205351207,284.40882359678204,1.0798731200402556,120.00014315616714,3.001089233510179,1.5000775831491047,11.971607648884548,15.227847323031135,118.4998877466553,2.200597386522965,1.300039215314094,10.017962966910892,19.582748827158863,121.5006047251656,-2.5027370646162113,1.7002623987336072,16.052421953890313,24.707227657073435,1.7345848039122391,28.297418278956986,0.9729977482071124,16.229429243838517,2.6358936758346565,30.32371875826697
near_both_10,near_both,noisy,10,True,1244.175211150445,1305,299.71896354745246,0.049892316622145494,14.953673426970783,284.76529012048167,1.081445125197536,119.99987663609899,3.0018533886897805,1.5001896478002172,11.96610267520078,14.885458584203388,118.49989905792692,2.2007714981261315,1.29996026377986,9.980008407407785,19.51127367919506,121.49952457656984,-2.502118450871214,1.7000881851983682,16.01970767331336,24.450368977032273,2.387789374053649,22.591452467179213,1.150059228584555,18.512381800861085,3.0975056539181045,36.002927883089335
near_both_11,near_both,noisy,11,True,1284.059072197239,1305,299.8005200392017,0.049919256693399854,14.965819116651675,284.83470092255,1.0811307576308553,119.99987450070714,3.0018175737018264,1.5002040983573035,11.970455672341803,14.866668350591222,118.499764140939,2.200828168601832,1.30008964588582,9.9878251218461,19.474650372363026,121.500194466469,-2.502585415633025,1.7001905077106414,16.015693915959822,24.523478742367853,1.622052287942691,23.062490985957275,1.2592519484974012,14.720924272176552,2.6165853410130464,33.010637035154915
near_both_12,near_both,noisy,12,True,1250.9614341984256,1305,299.24751054640836,0.050044685035845526,14.975747413055869,284.2717631333525,1.0795760895762718,120.00022040999181,3.0009122529534293,1.5000444881413892,11.973053901214302,15.324468722006479,118.5000393513986,2.2004584803960143,1.2999573334451682,10.025243945286372,19.621600012403427,121.50053484120637,-2.5026512755763326,1.7002531249326327,16.064791482108255,24.73975211390689,1.8127658642284228,29.604605189371792,1.2997943232424392,18.51379203794553,2.8772625597919883,30.355721415365256
near_both_13,near_both,noisy,13,True,1265.5106122723673,1305,299.8049415173568,0.049915185576365,14.96481929255012,284.84012222480663,1.0812662087100178,119.99985478547174,3.0018565366915775,1.5002092259809434,11.969327697566978,14.83822011260198,118.49981563681817,2.200770385739408,1.3000225949036373,9.982233353946256,19.486678165785097,121.50105210175059,-2.503213010181756,1.7003101893038675,15.995462720989556,24.62930015734953,2.1519214219768985,22.464226849581156,1.3992934428175847,16.7769627499877,3.2190479373533556,28.68543803808041
near_both_14,near_both,noisy,14,True,1251.982007469061,1305,299.3576820350351,0.049995312576729824,14.96648088558688,284.39120114944825,1.080140567206342,120.00013953666219,3.0011392488115156,1.5000714980279402,11.967593244891582,15.232923737173493,118.49990144013483,2.2006410381306365,1.3000098158138125,10.01275411281655,19.592474861460495,121.49960643649935,-2.5020351956563514,1.7001167816333762,16.063250467330324,24.57941368503345,1.8945815031501767,28.045949979146094,1.3871273344630555,16.720913984201747,3.202045787796834,34.840818372219104
near_both_15,near_both,noisy,15,True,1236.646985726149,1305,299.34366619758015,0.05001146071704794,14.970614002937392,284.37305219464275,1.0799791919439024,120.0001291907019,3.001134405465479,1.5000779957968933,11.972917986752723,15.227200967288953,118.5000954997279,2.2004633520942636,1.2999206337353924,10.015800415223367,19.597642477336752,121.50034442566148,-2.5025580912998526,1.700219024066929,16.054575487870675,24.6833706564179,2.2330915631835953,27.658363954144427,1.0690988028893242,19.770872145046294,2.9654549004430204,31.442890567617233
restart_check_broad_R2H_06,restart_check,noisy,6,True,1990.5795784286154,1305,299.742698052088,0.04932976620944064,14.78623721789646,284.9564608341915,1.0885897989136826,119.99978578417706,3.002735356727006,1.5000796388142155,11.809278187487878,14.711217089862085,118.49937136228515,2.2019372297620126,1.2999048771632014,9.833639308071264,19.453056683133784,121.49391645795002,-2.4986060235014014,1.6993251636167739,15.907357249220787,23.51554276200763,2.0,21.435901826968053,1.2,16.243453431888174,3.0,69.60100577826066
restart_check_broad_R2H_09,restart_check,noisy,9,True,1860.172748538323,1305,300.71918598847134,0.049478264763488426,14.879063503798303,285.84012248467303,1.0865134954558493,119.99946104197302,3.003787540222838,1.5004089309566992,11.916628144633634,13.959428585051539,118.49944032615109,2.2017084815120667,1.3000853392067682,9.867840252888316,19.234873016981737,121.49576727176895,-2.499901435116803,1.6996066821692584,15.924260252541135,23.57195866097348,2.0,13.548617753300917,1.2,13.88385343883813,3.0,57.12396821995002
restart_check_broad_both_09,restart_check,noisy,9,True,1873.3496759083987,1305,300.7002629323551,0.04946356308559734,14.873706425410251,285.8265565069448,1.0867073230464206,119.9994656838388,3.003781238799847,1.5003982486487764,11.910929348593285,13.972300356872493,118.49943171913846,2.2017337908504664,1.3000826093107856,9.864227310923578,19.236352150238634,121.49565549193892,-2.4998339129719995,1.6995897056169476,15.920767295797088,23.55685902640639,2.310879764447119,13.548617753300917,1.065411533384217,13.88385343883813,4.511691356480508,57.12396821995002
